id,timestamp,vehicleId,event
1,2023-12-13T00:02:00Z,sprint-3,offline
2,2023-12-13T00:08:40Z,sprint-4,error
3,2023-12-13T00:08:43Z,sprint-4,not_ready
4,2023-12-13T00:08:43Z,sprint-4,vehicle_error
5,2023-12-13T00:10:51Z,sprint-4,vehicle_error
6,2023-12-13T00:10:51Z,sprint-4,not_ready
7,2023-12-13T00:15:06Z,sprint-4,vehicle_error
8,2023-12-13T00:15:07Z,sprint-4,not_ready
9,2023-12-13T00:22:18Z,sprint-3,vehicle_error
10,2023-12-13T00:22:26Z,sprint-3,not_ready
11,2023-12-13T00:22:30Z,sprint-3,vehicle_error
12,2023-12-13T00:22:31Z,sprint-3,not_ready
13,2023-12-13T00:22:45Z,sprint-3,vehicle_error
14,2023-12-13T00:22:46Z,sprint-3,not_ready
15,2023-12-13T00:22:53Z,sprint-3,vehicle_error
16,2023-12-13T00:22:54Z,sprint-3,not_ready
17,2023-12-13T00:23:14Z,sprint-4,running
18,2023-12-13T00:23:27Z,sprint-4,not_ready
19,2023-12-13T00:23:47Z,sprint-4,paused
20,2023-12-13T00:23:57Z,sprint-4,ready
21,2023-12-13T00:24:03Z,sprint-4,running
22,2023-12-13T00:24:05Z,sprint-4,not_ready
23,2023-12-13T00:24:06Z,sprint-4,running
24,2023-12-13T00:24:11Z,sprint-4,ready
25,2023-12-13T00:24:23Z,sprint-4,running
26,2023-12-13T00:24:34Z,sprint-4,ready
27,2023-12-13T00:24:55Z,sprint-4,running
28,2023-12-13T00:25:02Z,sprint-4,ready
29,2023-12-13T00:25:08Z,sprint-4,not_ready
30,2023-12-13T00:27:21Z,sprint-4,vehicle_error
31,2023-12-13T00:27:23Z,sprint-4,not_ready
32,2023-12-13T00:28:00Z,sprint-3,offline
33,2023-12-13T00:50:33Z,sprint-5,error
34,2023-12-13T00:50:35Z,sprint-5,vehicle_error
35,2023-12-13T00:58:00Z,sprint-5,offline
36,2023-12-13T01:29:12Z,sprint-5,error
37,2023-12-13T01:34:42Z,sprint-5,vehicle_error
38,2023-12-13T01:34:42Z,sprint-5,not_ready
39,2023-12-13T01:36:54Z,sprint-5,error
40,2023-12-13T01:36:54Z,sprint-5,not_ready
41,2023-12-13T01:42:00Z,sprint-5,offline
42,2023-12-13T01:44:50Z,sprint-5,error
43,2023-12-13T01:44:52Z,sprint-5,vehicle_error
44,2023-12-13T01:44:52Z,sprint-5,not_ready
45,2023-12-13T01:50:00Z,sprint-5,offline
46,2023-12-13T01:51:15Z,sprint-5,running
47,2023-12-13T01:51:17Z,sprint-5,not_ready
48,2023-12-13T01:51:25Z,sprint-5,running
49,2023-12-13T01:53:42Z,sprint-5,not_ready
50,2023-12-13T01:55:00Z,sprint-5,running
51,2023-12-13T01:55:08Z,sprint-5,not_ready
52,2023-12-13T02:01:00Z,sprint-5,offline
53,2023-12-13T17:45:27Z,ar500-1,error
54,2023-12-13T17:45:28Z,ar500-1,vehicle_error
55,2023-12-13T17:45:55Z,sprint-5,error
56,2023-12-13T17:45:57Z,sprint-5,vehicle_error
57,2023-12-13T17:47:33Z,sprint-4,error
58,2023-12-13T17:47:35Z,sprint-4,vehicle_error
59,2023-12-13T17:47:40Z,sprint-4,error
60,2023-12-13T17:53:00Z,ar500-1,offline
61,2023-12-13T17:53:00Z,sprint-5,offline
62,2023-12-13T18:46:56Z,sprint-4,error
63,2023-12-13T18:46:58Z,sprint-4,vehicle_error
64,2023-12-13T19:54:36Z,dev-ek,error
65,2023-12-13T20:03:13Z,dev-ek,error
66,2023-12-13T20:05:19Z,ar500-1,error
67,2023-12-13T20:05:20Z,ar500-1,vehicle_error
68,2023-12-13T20:09:21Z,sprint-4,error
69,2023-12-13T20:09:29Z,sprint-4,error
70,2023-12-13T20:11:00Z,ar500-1,offline
71,2023-12-13T20:12:44Z,sprint-5,error
72,2023-12-13T20:12:46Z,sprint-5,vehicle_error
73,2023-12-13T20:16:01Z,sprint-4,error
74,2023-12-13T20:16:07Z,sprint-4,error
75,2023-12-13T20:16:11Z,sprint-4,vehicle_error
76,2023-12-13T20:18:00Z,sprint-5,offline
77,2023-12-13T20:20:42Z,sprint-4,not_ready
78,2023-12-13T20:30:27Z,sprint-5,not_ready
79,2023-12-13T20:33:52Z,sprint-5,running
80,2023-12-13T20:34:04Z,sprint-5,ready
81,2023-12-13T20:34:21Z,sprint-5,paused
82,2023-12-13T20:34:27Z,sprint-5,not_ready
83,2023-12-13T20:34:44Z,sprint-5,paused
84,2023-12-13T20:34:54Z,sprint-5,ready
85,2023-12-13T20:35:09Z,sprint-5,not_ready
86,2023-12-13T20:41:00Z,sprint-5,offline
87,2023-12-13T20:43:40Z,sprint-5,paused
88,2023-12-13T20:43:49Z,sprint-5,not_ready
89,2023-12-13T20:46:03Z,sprint-5,running
90,2023-12-13T20:46:11Z,sprint-5,not_ready
91,2023-12-13T20:46:35Z,sprint-5,running
92,2023-12-13T20:46:39Z,sprint-5,not_ready
93,2023-12-13T20:47:00Z,sprint-5,running
94,2023-12-13T20:47:04Z,sprint-5,not_ready
95,2023-12-13T20:47:20Z,sprint-5,running
96,2023-12-13T20:47:24Z,sprint-5,not_ready
97,2023-12-13T20:47:47Z,sprint-5,running
98,2023-12-13T20:47:50Z,sprint-5,not_ready
99,2023-12-13T20:47:57Z,sprint-5,running
100,2023-12-13T20:48:00Z,sprint-5,not_ready
101,2023-12-13T20:48:08Z,sprint-5,running
102,2023-12-13T20:48:12Z,sprint-5,not_ready
103,2023-12-13T20:48:13Z,sprint-5,running
104,2023-12-13T20:48:17Z,sprint-5,not_ready
105,2023-12-13T20:50:03Z,sprint-5,running
106,2023-12-13T20:50:07Z,sprint-5,not_ready
107,2023-12-13T20:52:13Z,sprint-5,error
108,2023-12-13T20:52:15Z,sprint-5,vehicle_error
109,2023-12-13T20:52:58Z,sprint-5,not_ready
110,2023-12-13T20:56:15Z,sprint-5,running
111,2023-12-13T20:57:06Z,sprint-5,not_ready
112,2023-12-13T21:03:00Z,sprint-5,offline
113,2023-12-13T21:04:24Z,sprint-4,vehicle_error
114,2023-12-13T21:04:25Z,sprint-4,not_ready
115,2023-12-13T21:21:21Z,sprint-4,vehicle_error
116,2023-12-13T21:21:22Z,sprint-4,not_ready
117,2023-12-13T21:23:20Z,sprint-4,running
118,2023-12-13T21:23:35Z,sprint-4,not_ready
119,2023-12-13T21:23:39Z,sprint-4,running
120,2023-12-13T21:25:00Z,sprint-4,not_ready
121,2023-12-13T21:25:27Z,sprint-4,running
122,2023-12-13T21:28:43Z,sprint-4,not_ready
123,2023-12-13T21:32:07Z,sprint-4,running
124,2023-12-13T21:35:09Z,sprint-4,error
125,2023-12-13T21:35:21Z,sprint-4,error
126,2023-12-13T21:35:22Z,sprint-4,vehicle_error
127,2023-12-13T21:35:22Z,sprint-4,not_ready
128,2023-12-13T21:38:34Z,sprint-4,running
129,2023-12-13T21:38:39Z,sprint-4,not_ready
130,2023-12-13T21:38:54Z,sprint-4,running
131,2023-12-13T21:39:32Z,sprint-4,not_ready
132,2023-12-13T21:39:52Z,sprint-4,running
133,2023-12-13T21:40:02Z,sprint-4,not_ready
134,2023-12-13T21:40:03Z,sprint-4,running
135,2023-12-13T21:41:07Z,sprint-4,not_ready
136,2023-12-13T21:41:11Z,sprint-4,running
137,2023-12-13T21:41:51Z,sprint-4,not_ready
138,2023-12-13T21:41:55Z,sprint-4,running
139,2023-12-13T21:42:32Z,sprint-4,not_ready
140,2023-12-13T21:43:04Z,sprint-4,running
141,2023-12-13T21:43:18Z,sprint-4,not_ready
142,2023-12-13T21:43:37Z,sprint-4,running
143,2023-12-13T21:43:43Z,sprint-4,not_ready
144,2023-12-13T21:43:50Z,sprint-4,running
145,2023-12-13T21:43:52Z,sprint-4,not_ready
146,2023-12-13T21:43:56Z,sprint-4,running
147,2023-12-13T21:43:58Z,sprint-4,not_ready
148,2023-12-13T21:45:49Z,sprint-4,running
149,2023-12-13T21:46:00Z,sprint-4,not_ready
150,2023-12-13T21:53:08Z,sprint-4,running
151,2023-12-13T21:53:13Z,sprint-4,not_ready
152,2023-12-13T21:53:43Z,sprint-4,running
153,2023-12-13T21:54:49Z,sprint-4,not_ready
154,2023-12-13T21:59:27Z,sprint-4,vehicle_error
155,2023-12-13T21:59:28Z,sprint-4,not_ready
156,2023-12-13T22:00:50Z,sprint-4,running
157,2023-12-13T22:01:51Z,sprint-4,not_ready
158,2023-12-13T22:02:05Z,sprint-4,running
159,2023-12-13T22:02:14Z,sprint-4,not_ready
160,2023-12-13T22:33:17Z,sprint-4,error
161,2023-12-13T22:34:07Z,sprint-4,error
162,2023-12-13T22:34:09Z,sprint-4,vehicle_error
163,2023-12-13T22:37:19Z,sprint-4,error
164,2023-12-13T22:37:21Z,sprint-4,not_ready
165,2023-12-13T22:37:32Z,sprint-4,error
166,2023-12-13T22:37:34Z,sprint-4,not_ready
167,2023-12-13T22:37:52Z,sprint-4,running
168,2023-12-13T22:38:15Z,sprint-4,not_ready
169,2023-12-13T22:38:42Z,sprint-4,running
170,2023-12-13T22:38:43Z,sprint-4,not_ready
171,2023-12-13T22:38:56Z,sprint-4,running
172,2023-12-13T22:39:23Z,sprint-4,not_ready
173,2023-12-13T22:40:32Z,sprint-4,running
174,2023-12-13T22:41:23Z,sprint-4,not_ready
175,2023-12-13T23:01:43Z,sprint-4,not_ready
176,2023-12-13T23:01:43Z,sprint-4,vehicle_error
177,2023-12-13T23:11:07Z,sprint-4,error
178,2023-12-13T23:11:10Z,sprint-4,not_ready
179,2023-12-13T23:15:38Z,sprint-4,vehicle_error
180,2023-12-13T23:15:39Z,sprint-4,not_ready
181,2023-12-13T23:19:01Z,sprint-3,error
182,2023-12-13T23:19:03Z,sprint-3,vehicle_error
183,2023-12-13T23:30:42Z,sprint-4,vehicle_error
184,2023-12-13T23:30:43Z,sprint-4,not_ready
185,2023-12-13T23:48:37Z,sprint-3,error
186,2023-12-13T23:55:31Z,sprint-3,error
187,2023-12-14T00:05:29Z,sprint-5,error
188,2023-12-14T00:05:36Z,sprint-5,vehicle_error
189,2023-12-14T00:05:37Z,sprint-5,error
190,2023-12-14T00:09:28Z,sprint-5,not_ready
191,2023-12-14T00:10:41Z,sprint-5,paused
192,2023-12-14T00:10:46Z,sprint-5,ready
193,2023-12-14T00:11:15Z,sprint-5,running
194,2023-12-14T00:11:22Z,sprint-5,not_ready
195,2023-12-14T00:11:29Z,sprint-5,running
196,2023-12-14T00:11:33Z,sprint-5,vehicle_error
197,2023-12-14T00:11:33Z,sprint-5,not_ready
198,2023-12-14T00:16:04Z,sprint-5,running
199,2023-12-14T00:16:36Z,sprint-5,not_ready
200,2023-12-14T00:19:03Z,sprint-5,running
201,2023-12-14T00:19:34Z,sprint-5,not_ready
202,2023-12-14T00:29:47Z,ar500-1,error
203,2023-12-14T00:29:48Z,ar500-1,vehicle_error
204,2023-12-14T00:29:48Z,ar500-1,not_ready
205,2023-12-14T00:32:38Z,ar500-1,vehicle_error
206,2023-12-14T00:32:40Z,ar500-1,not_ready
207,2023-12-14T00:36:57Z,sprint-3,error
208,2023-12-14T00:41:33Z,ar500-1,error
209,2023-12-14T00:41:35Z,ar500-1,not_ready
210,2023-12-14T00:41:35Z,ar500-1,vehicle_error
211,2023-12-14T00:45:38Z,ar500-1,paused
212,2023-12-14T00:45:58Z,ar500-1,ready
213,2023-12-14T00:46:23Z,ar500-1,running
214,2023-12-14T00:47:29Z,ar500-1,not_ready
215,2023-12-14T00:47:40Z,sprint-3,error
216,2023-12-14T00:47:47Z,sprint-3,error
217,2023-12-14T00:53:18Z,sprint-4,error
218,2023-12-14T00:53:20Z,sprint-4,vehicle_error
219,2023-12-14T00:53:20Z,sprint-4,not_ready
220,2023-12-14T01:07:06Z,sprint-4,paused
221,2023-12-14T01:07:27Z,sprint-4,vehicle_error
222,2023-12-14T01:07:27Z,sprint-4,not_ready
223,2023-12-14T01:10:40Z,ar500-1,vehicle_error
224,2023-12-14T01:10:41Z,ar500-1,not_ready
225,2023-12-14T01:10:50Z,sprint-4,vehicle_error
226,2023-12-14T01:10:50Z,sprint-4,not_ready
227,2023-12-14T01:14:45Z,ar500-1,running
228,2023-12-14T01:15:06Z,ar500-1,not_ready
229,2023-12-14T01:16:21Z,sprint-4,vehicle_error
230,2023-12-14T01:16:21Z,sprint-4,not_ready
231,2023-12-14T01:19:20Z,ar500-1,running
232,2023-12-14T01:19:56Z,ar500-1,not_ready
233,2023-12-14T01:20:07Z,ar500-1,running
234,2023-12-14T01:20:32Z,ar500-1,not_ready
235,2023-12-14T01:20:53Z,ar500-1,running
236,2023-12-14T01:21:09Z,ar500-1,not_ready
237,2023-12-14T01:23:04Z,ar500-1,running
238,2023-12-14T01:23:11Z,ar500-1,not_ready
239,2023-12-14T01:23:24Z,ar500-1,running
240,2023-12-14T01:23:28Z,ar500-1,not_ready
241,2023-12-14T01:23:42Z,ar500-1,running
242,2023-12-14T01:23:50Z,ar500-1,not_ready
243,2023-12-14T01:24:42Z,ar500-1,running
244,2023-12-14T01:24:47Z,ar500-1,not_ready
245,2023-12-14T01:25:02Z,ar500-1,running
246,2023-12-14T01:25:09Z,ar500-1,not_ready
247,2023-12-14T01:25:12Z,ar500-1,running
248,2023-12-14T01:25:17Z,ar500-1,not_ready
249,2023-12-14T01:25:26Z,ar500-1,running
250,2023-12-14T01:25:30Z,ar500-1,not_ready
251,2023-12-14T01:25:40Z,ar500-1,running
252,2023-12-14T01:25:50Z,ar500-1,not_ready
253,2023-12-14T01:25:59Z,ar500-1,running
254,2023-12-14T01:26:05Z,ar500-1,not_ready
255,2023-12-14T01:26:16Z,ar500-1,running
256,2023-12-14T01:26:22Z,sprint-4,vehicle_error
257,2023-12-14T01:26:22Z,sprint-4,not_ready
258,2023-12-14T01:26:24Z,ar500-1,not_ready
259,2023-12-14T01:26:27Z,ar500-1,running
260,2023-12-14T01:26:39Z,ar500-1,not_ready
261,2023-12-14T01:27:00Z,ar500-1,running
262,2023-12-14T01:27:14Z,ar500-1,not_ready
263,2023-12-14T01:27:34Z,sprint-3,error
264,2023-12-14T01:27:35Z,sprint-3,vehicle_error
265,2023-12-14T01:27:36Z,sprint-3,not_ready
266,2023-12-14T01:30:07Z,ar500-1,running
267,2023-12-14T01:30:17Z,sprint-3,vehicle_error
268,2023-12-14T01:30:20Z,ar500-1,ready
269,2023-12-14T01:30:21Z,sprint-3,not_ready
270,2023-12-14T01:30:25Z,sprint-3,vehicle_error
271,2023-12-14T01:30:31Z,sprint-3,not_ready
272,2023-12-14T01:30:32Z,ar500-1,running
273,2023-12-14T01:30:32Z,sprint-3,vehicle_error
274,2023-12-14T01:30:36Z,sprint-3,not_ready
275,2023-12-14T01:30:41Z,ar500-1,ready
276,2023-12-14T01:30:41Z,sprint-3,vehicle_error
277,2023-12-14T01:30:43Z,sprint-3,not_ready
278,2023-12-14T01:30:47Z,sprint-3,vehicle_error
279,2023-12-14T01:31:11Z,ar500-1,running
280,2023-12-14T01:31:11Z,ar500-1,not_ready
281,2023-12-14T01:31:11Z,sprint-3,not_ready
282,2023-12-14T01:32:10Z,sprint-3,running
283,2023-12-14T01:32:24Z,sprint-3,ready
284,2023-12-14T01:32:24Z,sprint-3,not_ready
285,2023-12-14T01:32:40Z,ar500-1,running
286,2023-12-14T01:32:48Z,ar500-1,not_ready
287,2023-12-14T01:33:05Z,ar500-1,running
288,2023-12-14T01:33:11Z,ar500-1,ready
289,2023-12-14T01:33:21Z,sprint-3,vehicle_error
290,2023-12-14T01:33:22Z,ar500-1,not_ready
291,2023-12-14T01:33:23Z,sprint-3,running
292,2023-12-14T01:33:38Z,sprint-3,not_ready
293,2023-12-14T01:34:43Z,sprint-4,paused
294,2023-12-14T01:35:46Z,ar500-1,error
295,2023-12-14T01:35:47Z,ar500-1,vehicle_error
296,2023-12-14T01:36:34Z,ar500-1,not_ready
297,2023-12-14T01:39:13Z,ar500-1,vehicle_error
298,2023-12-14T01:39:14Z,ar500-1,not_ready
299,2023-12-14T01:39:41Z,sprint-4,vehicle_error
300,2023-12-14T01:39:41Z,sprint-4,not_ready
301,2023-12-14T01:42:15Z,sprint-4,vehicle_error
302,2023-12-14T01:42:15Z,sprint-4,not_ready
303,2023-12-14T01:48:39Z,sprint-3,vehicle_error
304,2023-12-14T01:58:34Z,sprint-3,error
305,2023-12-14T01:58:35Z,sprint-3,vehicle_error
306,2023-12-14T01:58:35Z,sprint-3,not_ready
307,2023-12-14T02:02:21Z,sprint-3,running
308,2023-12-14T02:03:56Z,sprint-3,not_ready
309,2023-12-14T07:37:00Z,ar500-1,offline
310,2023-12-14T07:37:00Z,sprint-3,offline
311,2023-12-14T07:37:00Z,sprint-5,offline
312,2023-12-14T16:26:36Z,sprint-5,error
313,2023-12-14T16:26:38Z,sprint-5,vehicle_error
314,2023-12-14T16:27:52Z,sprint-3,error
315,2023-12-14T16:27:53Z,sprint-3,vehicle_error
316,2023-12-14T16:28:20Z,sprint-4,error
317,2023-12-14T16:28:21Z,sprint-4,error
318,2023-12-14T16:28:23Z,sprint-4,vehicle_error
319,2023-12-14T16:33:00Z,sprint-5,offline
320,2023-12-14T16:34:00Z,sprint-3,offline
321,2023-12-14T16:39:41Z,sprint-3,error
322,2023-12-14T16:39:43Z,sprint-3,vehicle_error
323,2023-12-14T16:45:00Z,sprint-3,offline
324,2023-12-14T16:47:02Z,sprint-5,error
325,2023-12-14T16:47:03Z,sprint-5,vehicle_error
326,2023-12-14T16:53:00Z,sprint-5,offline
327,2023-12-14T16:55:12Z,sprint-3,error
328,2023-12-14T16:55:14Z,sprint-3,vehicle_error
329,2023-12-14T16:56:12Z,sprint-5,not_ready
330,2023-12-14T17:01:00Z,sprint-3,offline
331,2023-12-14T17:02:00Z,sprint-5,offline
332,2023-12-14T17:03:56Z,sprint-3,not_ready
333,2023-12-14T17:04:17Z,sprint-5,running
334,2023-12-14T17:04:20Z,sprint-5,vehicle_error
335,2023-12-14T17:04:20Z,sprint-5,not_ready
336,2023-12-14T17:04:35Z,sprint-5,running
337,2023-12-14T17:04:39Z,sprint-5,not_ready
338,2023-12-14T17:09:00Z,sprint-3,offline
339,2023-12-14T17:10:00Z,sprint-5,offline
340,2023-12-14T17:12:24Z,sprint-5,running
341,2023-12-14T17:12:40Z,sprint-5,ready
342,2023-12-14T17:13:10Z,sprint-5,running
343,2023-12-14T17:13:10Z,sprint-5,not_ready
344,2023-12-14T17:13:49Z,sprint-5,running
345,2023-12-14T17:13:58Z,sprint-5,not_ready
346,2023-12-14T17:14:01Z,sprint-5,running
347,2023-12-14T17:14:20Z,sprint-5,not_ready
348,2023-12-14T17:18:25Z,sprint-5,error
349,2023-12-14T17:18:27Z,sprint-5,vehicle_error
350,2023-12-14T17:18:27Z,sprint-5,not_ready
351,2023-12-14T17:18:38Z,sprint-5,error
352,2023-12-14T17:18:40Z,sprint-5,vehicle_error
353,2023-12-14T17:18:40Z,sprint-5,not_ready
354,2023-12-14T17:19:01Z,sprint-5,running
355,2023-12-14T17:19:18Z,sprint-5,not_ready
356,2023-12-14T17:20:47Z,sprint-5,running
357,2023-12-14T17:20:55Z,sprint-3,vehicle_error
358,2023-12-14T17:20:58Z,sprint-3,running
359,2023-12-14T17:21:15Z,sprint-3,ready
360,2023-12-14T17:21:19Z,sprint-5,not_ready
361,2023-12-14T17:21:44Z,sprint-5,running
362,2023-12-14T17:21:45Z,sprint-3,running
363,2023-12-14T17:21:45Z,sprint-3,not_ready
364,2023-12-14T17:22:32Z,sprint-5,not_ready
365,2023-12-14T17:22:37Z,sprint-3,vehicle_error
366,2023-12-14T17:22:37Z,sprint-3,running
367,2023-12-14T17:23:48Z,sprint-3,not_ready
368,2023-12-14T17:25:55Z,sprint-5,running
369,2023-12-14T17:26:16Z,sprint-5,ready
370,2023-12-14T17:26:46Z,sprint-5,running
371,2023-12-14T17:26:46Z,sprint-5,vehicle_error
372,2023-12-14T17:26:47Z,sprint-5,not_ready
373,2023-12-14T17:29:00Z,sprint-3,offline
374,2023-12-14T17:32:00Z,sprint-5,offline
375,2023-12-14T17:33:10Z,sprint-3,running
376,2023-12-14T17:34:26Z,sprint-5,error
377,2023-12-14T17:34:27Z,sprint-5,vehicle_error
378,2023-12-14T17:34:28Z,sprint-5,not_ready
379,2023-12-14T17:35:11Z,sprint-3,not_ready
380,2023-12-14T17:35:50Z,sprint-5,vehicle_error
381,2023-12-14T17:35:57Z,sprint-5,running
382,2023-12-14T17:36:48Z,sprint-5,not_ready
383,2023-12-14T17:38:51Z,sprint-5,running
384,2023-12-14T17:39:59Z,sprint-5,not_ready
385,2023-12-14T17:41:00Z,sprint-3,offline
386,2023-12-14T17:45:00Z,sprint-5,offline
387,2023-12-14T17:52:23Z,sprint-3,vehicle_error
388,2023-12-14T17:53:10Z,sprint-3,running
389,2023-12-14T17:53:18Z,sprint-3,not_ready
390,2023-12-14T17:56:01Z,sprint-3,running
391,2023-12-14T17:56:08Z,sprint-3,not_ready
392,2023-12-14T17:58:26Z,sprint-3,vehicle_error
393,2023-12-14T17:58:28Z,sprint-3,running
394,2023-12-14T17:59:13Z,sprint-3,not_ready
395,2023-12-14T17:59:43Z,sprint-3,running
396,2023-12-14T17:59:47Z,sprint-3,not_ready
397,2023-12-14T17:59:51Z,sprint-3,running
398,2023-12-14T17:59:54Z,sprint-3,ready
399,2023-12-14T18:00:20Z,sprint-3,running
400,2023-12-14T18:00:44Z,sprint-3,not_ready
401,2023-12-14T18:03:54Z,sprint-3,error
402,2023-12-14T18:03:54Z,sprint-3,vehicle_error
403,2023-12-14T18:06:46Z,sprint-3,not_ready
404,2023-12-14T18:08:41Z,sprint-3,running
405,2023-12-14T18:09:23Z,sprint-3,not_ready
406,2023-12-14T18:15:00Z,sprint-3,offline
407,2023-12-14T18:15:01Z,sprint-3,offline
408,2023-12-14T18:28:10Z,sprint-4,not_ready
409,2023-12-14T18:44:50Z,sprint-4,running
410,2023-12-14T18:44:52Z,sprint-4,not_ready
411,2023-12-14T18:45:24Z,sprint-4,ready
412,2023-12-14T18:45:25Z,sprint-4,not_ready
413,2023-12-14T18:50:56Z,sprint-5,error
414,2023-12-14T18:50:57Z,sprint-5,vehicle_error
415,2023-12-14T18:50:57Z,sprint-5,not_ready
416,2023-12-14T18:54:52Z,sprint-4,vehicle_error
417,2023-12-14T18:54:52Z,sprint-4,not_ready
418,2023-12-14T18:55:13Z,sprint-4,vehicle_error
419,2023-12-14T18:55:34Z,sprint-4,not_ready
420,2023-12-14T18:55:38Z,sprint-4,vehicle_error
421,2023-12-14T18:56:00Z,sprint-5,offline
422,2023-12-14T18:56:01Z,sprint-4,running
423,2023-12-14T18:56:12Z,sprint-4,ready
424,2023-12-14T18:56:16Z,sprint-4,not_ready
425,2023-12-14T18:56:18Z,sprint-4,running
426,2023-12-14T19:04:16Z,sprint-4,not_ready
427,2023-12-14T19:14:36Z,sprint-5,vehicle_error
428,2023-12-14T19:14:39Z,sprint-5,running
429,2023-12-14T19:14:44Z,sprint-5,not_ready
430,2023-12-14T19:15:06Z,sprint-4,vehicle_error
431,2023-12-14T19:15:06Z,sprint-4,not_ready
432,2023-12-14T19:15:35Z,sprint-5,running
433,2023-12-14T19:16:59Z,sprint-4,vehicle_error
434,2023-12-14T19:16:59Z,sprint-4,not_ready
435,2023-12-14T19:16:59Z,sprint-4,vehicle_error
436,2023-12-14T19:16:59Z,sprint-4,not_ready
437,2023-12-14T19:17:05Z,sprint-4,vehicle_error
438,2023-12-14T19:17:05Z,sprint-4,not_ready
439,2023-12-14T19:17:25Z,sprint-4,not_ready
440,2023-12-14T19:17:25Z,sprint-4,vehicle_error
441,2023-12-14T19:17:50Z,sprint-4,vehicle_error
442,2023-12-14T19:17:50Z,sprint-4,not_ready
443,2023-12-14T19:18:02Z,sprint-4,vehicle_error
444,2023-12-14T19:18:33Z,sprint-4,not_ready
445,2023-12-14T19:18:37Z,sprint-4,vehicle_error
446,2023-12-14T19:18:37Z,sprint-4,not_ready
447,2023-12-14T19:18:37Z,sprint-4,vehicle_error
448,2023-12-14T19:18:50Z,sprint-4,not_ready
449,2023-12-14T19:19:03Z,sprint-5,not_ready
450,2023-12-14T19:19:04Z,sprint-4,vehicle_error
451,2023-12-14T19:19:08Z,sprint-5,running
452,2023-12-14T19:19:32Z,sprint-4,not_ready
453,2023-12-14T19:19:32Z,sprint-4,vehicle_error
454,2023-12-14T19:19:38Z,sprint-4,not_ready
455,2023-12-14T19:19:45Z,sprint-4,vehicle_error
456,2023-12-14T19:19:46Z,sprint-4,not_ready
457,2023-12-14T19:20:02Z,sprint-5,not_ready
458,2023-12-14T19:20:05Z,sprint-4,vehicle_error
459,2023-12-14T19:20:22Z,sprint-4,not_ready
460,2023-12-14T19:20:22Z,sprint-4,vehicle_error
461,2023-12-14T19:20:23Z,sprint-4,not_ready
462,2023-12-14T19:20:59Z,sprint-4,vehicle_error
463,2023-12-14T19:21:07Z,sprint-4,not_ready
464,2023-12-14T19:22:28Z,sprint-4,vehicle_error
465,2023-12-14T19:22:29Z,sprint-4,vehicle_error
466,2023-12-14T19:22:29Z,sprint-4,not_ready
467,2023-12-14T19:22:29Z,sprint-4,not_ready
468,2023-12-14T19:22:36Z,sprint-4,vehicle_error
469,2023-12-14T19:22:37Z,sprint-4,not_ready
470,2023-12-14T19:22:50Z,sprint-4,vehicle_error
471,2023-12-14T19:23:08Z,sprint-4,not_ready
472,2023-12-14T19:23:24Z,sprint-5,running
473,2023-12-14T19:23:29Z,sprint-4,vehicle_error
474,2023-12-14T19:23:30Z,sprint-4,not_ready
475,2023-12-14T19:23:30Z,sprint-4,vehicle_error
476,2023-12-14T19:23:37Z,sprint-5,not_ready
477,2023-12-14T19:24:15Z,sprint-4,not_ready
478,2023-12-14T19:25:49Z,sprint-4,not_ready
479,2023-12-14T19:25:49Z,sprint-4,vehicle_error
480,2023-12-14T19:25:49Z,sprint-4,vehicle_error
481,2023-12-14T19:25:49Z,sprint-4,not_ready
482,2023-12-14T19:26:33Z,sprint-4,vehicle_error
483,2023-12-14T19:26:33Z,sprint-4,not_ready
484,2023-12-14T19:29:00Z,sprint-5,offline
485,2023-12-14T19:30:00Z,sprint-4,error
486,2023-12-14T19:30:08Z,sprint-4,error
487,2023-12-14T19:30:08Z,sprint-5,vehicle_error
488,2023-12-14T19:30:09Z,sprint-4,vehicle_error
489,2023-12-14T19:30:10Z,sprint-4,not_ready
490,2023-12-14T19:30:10Z,sprint-5,running
491,2023-12-14T19:31:09Z,sprint-5,not_ready
492,2023-12-14T19:33:07Z,sprint-4,running
493,2023-12-14T19:34:14Z,sprint-4,not_ready
494,2023-12-14T19:34:53Z,sprint-4,ready
495,2023-12-14T19:35:10Z,sprint-4,running
496,2023-12-14T19:36:39Z,sprint-4,not_ready
497,2023-12-14T19:37:00Z,sprint-5,offline
498,2023-12-14T19:37:54Z,sprint-5,running
499,2023-12-14T19:38:11Z,sprint-5,ready
500,2023-12-14T19:38:41Z,sprint-5,running
501,2023-12-14T19:38:41Z,sprint-5,not_ready
502,2023-12-14T19:39:01Z,sprint-5,running
503,2023-12-14T19:39:18Z,sprint-5,ready
504,2023-12-14T19:39:19Z,sprint-5,running
505,2023-12-14T19:39:26Z,sprint-5,not_ready
506,2023-12-14T19:45:00Z,sprint-5,offline
507,2023-12-14T19:52:31Z,sprint-4,error
508,2023-12-14T19:52:40Z,sprint-4,error
509,2023-12-14T19:52:45Z,sprint-4,vehicle_error
510,2023-12-14T19:52:45Z,sprint-4,not_ready
511,2023-12-14T19:53:32Z,ar500-1,error
512,2023-12-14T19:53:32Z,ar500-1,vehicle_error
513,2023-12-14T20:02:00Z,ar500-1,offline
514,2023-12-14T20:03:08Z,sprint-4,running
515,2023-12-14T20:03:12Z,sprint-4,not_ready
516,2023-12-14T20:03:31Z,sprint-4,running
517,2023-12-14T20:03:36Z,sprint-4,not_ready
518,2023-12-14T20:03:40Z,sprint-4,running
519,2023-12-14T20:03:42Z,sprint-4,not_ready
520,2023-12-14T20:03:44Z,sprint-4,running
521,2023-12-14T20:03:46Z,sprint-4,not_ready
522,2023-12-14T20:04:01Z,sprint-4,running
523,2023-12-14T20:04:09Z,sprint-4,not_ready
524,2023-12-14T20:12:02Z,sprint-5,vehicle_error
525,2023-12-14T20:12:02Z,sprint-5,running
526,2023-12-14T20:12:19Z,sprint-5,ready
527,2023-12-14T20:12:39Z,sprint-5,not_ready
528,2023-12-14T20:13:19Z,sprint-5,vehicle_error
529,2023-12-14T20:13:19Z,sprint-5,running
530,2023-12-14T20:19:00Z,sprint-5,offline
531,2023-12-14T20:22:57Z,sprint-5,not_ready
532,2023-12-14T20:23:04Z,sprint-5,running
533,2023-12-14T20:23:22Z,sprint-5,not_ready
534,2023-12-14T20:23:31Z,sprint-5,running
535,2023-12-14T20:23:56Z,ar500-1,not_ready
536,2023-12-14T20:24:38Z,sprint-5,not_ready
537,2023-12-14T20:24:49Z,sprint-5,running
538,2023-12-14T20:25:03Z,ar500-1,running
539,2023-12-14T20:25:06Z,sprint-5,ready
540,2023-12-14T20:25:30Z,ar500-1,not_ready
541,2023-12-14T20:25:36Z,sprint-5,running
542,2023-12-14T20:25:36Z,sprint-5,not_ready
543,2023-12-14T20:26:02Z,sprint-5,running
544,2023-12-14T20:26:19Z,sprint-5,ready
545,2023-12-14T20:26:44Z,sprint-5,not_ready
546,2023-12-14T20:26:59Z,sprint-5,vehicle_error
547,2023-12-14T20:26:59Z,sprint-5,running
548,2023-12-14T20:27:16Z,sprint-5,ready
549,2023-12-14T20:27:46Z,sprint-5,running
550,2023-12-14T20:27:46Z,sprint-5,not_ready
551,2023-12-14T20:28:45Z,ar500-1,running
552,2023-12-14T20:29:15Z,ar500-1,not_ready
553,2023-12-14T20:29:41Z,sprint-5,vehicle_error
554,2023-12-14T20:29:41Z,sprint-5,running
555,2023-12-14T20:29:51Z,sprint-5,not_ready
556,2023-12-14T20:31:56Z,sprint-5,running
557,2023-12-14T20:32:13Z,sprint-5,ready
558,2023-12-14T20:32:37Z,sprint-5,not_ready
559,2023-12-14T20:32:44Z,sprint-5,vehicle_error
560,2023-12-14T20:34:17Z,sprint-5,running
561,2023-12-14T20:35:00Z,ar500-1,offline
562,2023-12-14T20:40:00Z,sprint-5,offline
563,2023-12-14T20:40:47Z,sprint-5,not_ready
564,2023-12-14T20:42:00Z,sprint-5,running
565,2023-12-14T20:42:17Z,sprint-5,ready
566,2023-12-14T20:42:47Z,sprint-5,running
567,2023-12-14T20:42:47Z,sprint-5,not_ready
568,2023-12-14T20:43:08Z,sprint-5,vehicle_error
569,2023-12-14T20:43:08Z,sprint-5,running
570,2023-12-14T20:43:09Z,sprint-5,not_ready
571,2023-12-14T20:43:58Z,ar500-1,running
572,2023-12-14T20:44:09Z,ar500-1,ready
573,2023-12-14T20:44:19Z,ar500-1,running
574,2023-12-14T20:44:36Z,sprint-5,running
575,2023-12-14T20:44:53Z,sprint-5,ready
576,2023-12-14T20:45:09Z,sprint-5,running
577,2023-12-14T20:45:09Z,sprint-5,not_ready
578,2023-12-14T20:45:12Z,sprint-5,running
579,2023-12-14T20:45:28Z,sprint-5,ready
580,2023-12-14T20:45:41Z,sprint-5,running
581,2023-12-14T20:45:41Z,sprint-5,not_ready
582,2023-12-14T20:45:45Z,sprint-5,running
583,2023-12-14T20:46:02Z,sprint-5,ready
584,2023-12-14T20:46:14Z,sprint-5,not_ready
585,2023-12-14T20:46:58Z,sprint-5,running
586,2023-12-14T20:47:12Z,sprint-5,not_ready
587,2023-12-14T20:47:42Z,sprint-5,running
588,2023-12-14T20:47:45Z,ar500-1,not_ready
589,2023-12-14T20:47:58Z,sprint-5,ready
590,2023-12-14T20:48:27Z,ar500-1,running
591,2023-12-14T20:48:28Z,sprint-5,running
592,2023-12-14T20:48:29Z,sprint-5,not_ready
593,2023-12-14T20:49:52Z,ar500-1,not_ready
594,2023-12-14T20:51:35Z,sprint-5,error
595,2023-12-14T20:51:37Z,sprint-5,vehicle_error
596,2023-12-14T20:51:37Z,sprint-5,not_ready
597,2023-12-14T20:54:40Z,ar500-1,running
598,2023-12-14T20:55:53Z,sprint-5,running
599,2023-12-14T20:55:56Z,ar500-1,not_ready
600,2023-12-14T20:57:31Z,sprint-5,not_ready
601,2023-12-14T20:57:56Z,ar500-1,running
602,2023-12-14T20:58:40Z,sprint-5,running
603,2023-12-14T20:59:17Z,sprint-5,not_ready
604,2023-12-14T21:03:00Z,ar500-1,offline
605,2023-12-14T21:03:34Z,ar500-1,not_ready
606,2023-12-14T21:05:00Z,sprint-5,offline
607,2023-12-14T21:07:03Z,sprint-5,running
608,2023-12-14T21:07:20Z,sprint-5,ready
609,2023-12-14T21:07:36Z,sprint-5,running
610,2023-12-14T21:07:36Z,sprint-5,not_ready
611,2023-12-14T21:07:39Z,sprint-5,running
612,2023-12-14T21:08:02Z,sprint-5,not_ready
613,2023-12-14T21:08:13Z,sprint-5,running
614,2023-12-14T21:08:30Z,sprint-5,ready
615,2023-12-14T21:08:35Z,sprint-5,not_ready
616,2023-12-14T21:08:37Z,sprint-5,ready
617,2023-12-14T21:08:37Z,sprint-5,running
618,2023-12-14T21:09:00Z,ar500-1,offline
619,2023-12-14T21:09:22Z,sprint-5,not_ready
620,2023-12-14T21:11:59Z,ar500-1,error
621,2023-12-14T21:12:00Z,ar500-1,vehicle_error
622,2023-12-14T21:12:00Z,ar500-1,not_ready
623,2023-12-14T21:14:56Z,ar500-1,vehicle_error
624,2023-12-14T21:15:00Z,ar500-1,not_ready
625,2023-12-14T21:15:00Z,sprint-5,offline
626,2023-12-14T21:15:05Z,ar500-1,vehicle_error
627,2023-12-14T21:15:06Z,ar500-1,not_ready
628,2023-12-14T21:15:13Z,ar500-1,vehicle_error
629,2023-12-14T21:15:14Z,ar500-1,not_ready
630,2023-12-14T21:16:31Z,sprint-5,running
631,2023-12-14T21:16:48Z,sprint-5,ready
632,2023-12-14T21:17:01Z,sprint-5,not_ready
633,2023-12-14T21:17:51Z,sprint-5,vehicle_error
634,2023-12-14T21:17:51Z,sprint-5,running
635,2023-12-14T21:18:08Z,sprint-5,ready
636,2023-12-14T21:18:25Z,sprint-5,not_ready
637,2023-12-14T21:18:27Z,sprint-5,running
638,2023-12-14T21:18:43Z,sprint-5,ready
639,2023-12-14T21:18:45Z,sprint-5,not_ready
640,2023-12-14T21:18:53Z,sprint-5,running
641,2023-12-14T21:18:57Z,ar500-1,error
642,2023-12-14T21:18:59Z,ar500-1,vehicle_error
643,2023-12-14T21:18:59Z,ar500-1,not_ready
644,2023-12-14T21:19:09Z,sprint-5,ready
645,2023-12-14T21:19:16Z,sprint-5,not_ready
646,2023-12-14T21:19:19Z,sprint-5,running
647,2023-12-14T21:19:36Z,sprint-5,ready
648,2023-12-14T21:19:39Z,sprint-5,not_ready
649,2023-12-14T21:23:05Z,ar500-1,vehicle_error
650,2023-12-14T21:23:18Z,ar500-1,not_ready
651,2023-12-14T21:23:19Z,ar500-1,vehicle_error
652,2023-12-14T21:23:50Z,sprint-5,running
653,2023-12-14T21:24:07Z,sprint-5,ready
654,2023-12-14T21:24:13Z,sprint-5,not_ready
655,2023-12-14T21:26:43Z,sprint-5,running
656,2023-12-14T21:27:00Z,sprint-5,ready
657,2023-12-14T21:27:02Z,sprint-5,not_ready
658,2023-12-14T21:29:00Z,ar500-1,offline
659,2023-12-14T21:30:40Z,sprint-5,running
660,2023-12-14T21:30:56Z,sprint-5,ready
661,2023-12-14T21:31:06Z,sprint-5,not_ready
662,2023-12-14T21:31:15Z,sprint-5,ready
663,2023-12-14T21:31:26Z,sprint-5,not_ready
664,2023-12-14T21:31:26Z,sprint-5,running
665,2023-12-14T21:31:33Z,sprint-5,running
666,2023-12-14T21:31:36Z,ar500-1,error
667,2023-12-14T21:31:37Z,ar500-1,vehicle_error
668,2023-12-14T21:31:38Z,ar500-1,not_ready
669,2023-12-14T21:31:47Z,ar500-1,error
670,2023-12-14T21:31:49Z,sprint-5,ready
671,2023-12-14T21:31:50Z,ar500-1,vehicle_error
672,2023-12-14T21:31:50Z,ar500-1,not_ready
673,2023-12-14T21:31:51Z,sprint-5,not_ready
674,2023-12-14T21:32:46Z,sprint-5,running
675,2023-12-14T21:33:02Z,sprint-5,ready
676,2023-12-14T21:33:04Z,sprint-5,not_ready
677,2023-12-14T21:34:02Z,ar500-1,error
678,2023-12-14T21:34:08Z,ar500-1,vehicle_error
679,2023-12-14T21:34:08Z,ar500-1,not_ready
680,2023-12-14T21:37:07Z,ar500-1,vehicle_error
681,2023-12-14T21:37:07Z,ar500-1,not_ready
682,2023-12-14T21:39:00Z,sprint-5,offline
683,2023-12-14T21:40:50Z,ar500-1,vehicle_error
684,2023-12-14T21:43:12Z,ar500-1,running
685,2023-12-14T21:43:29Z,ar500-1,ready
686,2023-12-14T21:43:59Z,ar500-1,not_ready
687,2023-12-14T21:43:59Z,ar500-1,running
688,2023-12-14T21:44:07Z,ar500-1,running
689,2023-12-14T21:44:35Z,ar500-1,ready
690,2023-12-14T21:45:03Z,sprint-5,vehicle_error
691,2023-12-14T21:45:03Z,sprint-5,running
692,2023-12-14T21:45:05Z,ar500-1,not_ready
693,2023-12-14T21:45:05Z,ar500-1,running
694,2023-12-14T21:45:20Z,sprint-5,ready
695,2023-12-14T21:45:26Z,sprint-5,not_ready
696,2023-12-14T21:46:29Z,sprint-5,running
697,2023-12-14T21:46:45Z,sprint-5,ready
698,2023-12-14T21:46:47Z,sprint-5,not_ready
699,2023-12-14T21:46:50Z,ar500-1,vehicle_error
700,2023-12-14T21:46:51Z,ar500-1,running
701,2023-12-14T21:47:06Z,ar500-1,not_ready
702,2023-12-14T21:47:54Z,ar500-1,ready
703,2023-12-14T21:47:54Z,ar500-1,running
704,2023-12-14T21:48:11Z,ar500-1,ready
705,2023-12-14T21:48:39Z,ar500-1,running
706,2023-12-14T21:49:54Z,ar500-1,not_ready
707,2023-12-14T21:51:47Z,sprint-5,running
708,2023-12-14T21:51:56Z,sprint-5,not_ready
709,2023-12-14T21:52:33Z,sprint-5,running
710,2023-12-14T21:52:36Z,sprint-5,not_ready
711,2023-12-14T21:52:43Z,sprint-5,running
712,2023-12-14T21:52:59Z,sprint-5,ready
713,2023-12-14T21:53:02Z,sprint-5,not_ready
714,2023-12-14T21:54:24Z,sprint-5,vehicle_error
715,2023-12-14T21:54:24Z,sprint-5,running
716,2023-12-14T21:54:41Z,sprint-5,ready
717,2023-12-14T21:54:52Z,sprint-5,not_ready
718,2023-12-14T21:55:00Z,ar500-1,offline
719,2023-12-14T21:56:47Z,sprint-5,error
720,2023-12-14T21:56:47Z,sprint-5,vehicle_error
721,2023-12-14T21:56:52Z,sprint-5,not_ready
722,2023-12-14T22:00:52Z,sprint-5,running
723,2023-12-14T22:01:14Z,ar500-1,vehicle_error
724,2023-12-14T22:04:40Z,sprint-5,not_ready
725,2023-12-14T22:07:00Z,ar500-1,offline
726,2023-12-14T22:10:00Z,sprint-5,offline
727,2023-12-14T22:10:44Z,ar500-1,error
728,2023-12-14T22:14:15Z,ar500-1,error
729,2023-12-14T22:14:26Z,ar500-1,error
730,2023-12-14T22:14:27Z,ar500-1,vehicle_error
731,2023-12-14T22:14:27Z,ar500-1,not_ready
732,2023-12-14T22:20:00Z,ar500-1,offline
733,2023-12-14T22:38:53Z,dev-ek,error
734,2023-12-14T22:43:54Z,sprint-3,error
735,2023-12-14T22:43:55Z,sprint-3,vehicle_error
736,2023-12-14T22:47:06Z,ar500-1,ready
737,2023-12-14T22:47:06Z,ar500-1,running
738,2023-12-14T22:47:06Z,ar500-1,running
739,2023-12-14T22:47:07Z,ar500-1,ready
740,2023-12-14T22:47:07Z,ar500-1,running
741,2023-12-14T22:47:08Z,ar500-1,not_ready
742,2023-12-14T22:49:08Z,sprint-5,error
743,2023-12-14T22:49:09Z,sprint-5,vehicle_error
744,2023-12-14T22:49:09Z,sprint-5,not_ready
745,2023-12-14T22:50:00Z,sprint-3,offline
746,2023-12-14T22:53:00Z,ar500-1,offline
747,2023-12-14T22:53:33Z,sprint-3,not_ready
748,2023-12-14T22:55:00Z,sprint-5,offline
749,2023-12-14T22:57:18Z,sprint-5,vehicle_error
750,2023-12-14T22:57:18Z,sprint-5,running
751,2023-12-14T22:59:00Z,sprint-3,offline
752,2023-12-14T23:03:00Z,sprint-5,offline
753,2023-12-14T23:08:41Z,sprint-5,not_ready
754,2023-12-14T23:09:57Z,sprint-5,running
755,2023-12-14T23:10:01Z,sprint-5,not_ready
756,2023-12-14T23:11:36Z,sprint-5,running
757,2023-12-14T23:13:39Z,sprint-5,not_ready
758,2023-12-14T23:14:01Z,sprint-5,running
759,2023-12-14T23:14:02Z,sprint-5,not_ready
760,2023-12-14T23:14:04Z,sprint-5,running
761,2023-12-14T23:14:20Z,sprint-5,ready
762,2023-12-14T23:14:50Z,sprint-5,running
763,2023-12-14T23:14:51Z,sprint-5,not_ready
764,2023-12-14T23:17:55Z,sprint-5,error
765,2023-12-14T23:17:57Z,sprint-5,not_ready
766,2023-12-14T23:17:57Z,sprint-5,vehicle_error
767,2023-12-14T23:20:59Z,sprint-5,running
768,2023-12-14T23:26:00Z,sprint-5,offline
769,2023-12-14T23:29:26Z,sprint-5,not_ready
770,2023-12-14T23:31:56Z,sprint-5,running
771,2023-12-14T23:34:46Z,sprint-5,not_ready
772,2023-12-14T23:36:29Z,sprint-5,running
773,2023-12-14T23:36:43Z,sprint-5,ready
774,2023-12-14T23:36:49Z,sprint-5,not_ready
775,2023-12-14T23:37:57Z,sprint-5,running
776,2023-12-14T23:43:00Z,sprint-5,offline
777,2023-12-14T23:44:46Z,sprint-5,ready
778,2023-12-14T23:45:16Z,sprint-5,running
779,2023-12-14T23:45:16Z,sprint-5,not_ready
780,2023-12-14T23:47:19Z,sprint-5,running
781,2023-12-14T23:47:34Z,sprint-5,ready
782,2023-12-14T23:47:34Z,sprint-5,running
783,2023-12-14T23:53:00Z,sprint-5,offline
784,2023-12-14T23:59:29Z,sprint-5,not_ready
785,2023-12-15T00:05:00Z,sprint-5,offline
786,2023-12-15T01:44:39Z,dev-ek,error
787,2023-12-15T18:55:00Z,dev-ek,error
788,2023-12-15T19:04:50Z,dev-ek,error
789,2023-12-15T19:07:17Z,dev-ek,error
790,2023-12-15T19:22:54Z,sprint-5,error
791,2023-12-15T19:22:56Z,sprint-5,vehicle_error
792,2023-12-15T19:25:00Z,sprint-5,idle
793,2023-12-15T19:26:00Z,sprint-5,active
794,2023-12-15T19:26:02Z,sprint-5,not_ready
795,2023-12-15T19:27:00Z,sprint-5,active
796,2023-12-15T19:28:00Z,sprint-5,active
797,2023-12-15T19:29:00Z,sprint-5,active
798,2023-12-15T19:30:00Z,sprint-5,active
799,2023-12-15T19:31:00Z,sprint-5,active
800,2023-12-15T19:32:00Z,sprint-5,active
801,2023-12-15T19:33:00Z,sprint-5,active
802,2023-12-15T19:34:00Z,sprint-5,active
803,2023-12-15T19:35:00Z,sprint-5,active
804,2023-12-15T19:36:00Z,sprint-5,active
805,2023-12-15T19:37:00Z,sprint-5,active
806,2023-12-15T19:38:00Z,sprint-5,active
807,2023-12-15T19:39:00Z,sprint-5,active
808,2023-12-15T19:40:00Z,sprint-5,active
809,2023-12-15T19:41:00Z,sprint-5,active
810,2023-12-15T19:42:00Z,sprint-5,active
811,2023-12-15T19:43:00Z,sprint-5,active
812,2023-12-15T19:44:00Z,sprint-5,active
813,2023-12-15T19:45:00Z,sprint-5,active
814,2023-12-15T19:46:00Z,sprint-5,active
815,2023-12-15T19:47:00Z,sprint-5,active
816,2023-12-15T19:48:00Z,sprint-5,active
817,2023-12-15T19:49:00Z,sprint-5,active
818,2023-12-15T19:50:00Z,sprint-5,active
819,2023-12-15T19:51:00Z,sprint-5,active
820,2023-12-15T19:52:00Z,sprint-5,active
821,2023-12-15T19:53:00Z,sprint-5,active
822,2023-12-15T19:54:00Z,sprint-5,active
823,2023-12-15T19:55:00Z,sprint-5,active
824,2023-12-15T19:56:00Z,sprint-5,active
825,2023-12-15T19:57:00Z,sprint-5,active
826,2023-12-15T19:58:00Z,sprint-5,active
827,2023-12-15T19:59:00Z,sprint-5,active
828,2023-12-15T20:00:00Z,sprint-5,active
829,2023-12-15T20:01:00Z,sprint-5,active
830,2023-12-15T20:02:00Z,sprint-5,active
831,2023-12-15T20:02:40Z,sprint-5,running
832,2023-12-15T20:03:00Z,sprint-5,active
833,2023-12-15T20:04:00Z,sprint-5,active
834,2023-12-15T20:05:00Z,sprint-5,active
835,2023-12-15T20:06:00Z,sprint-5,active
836,2023-12-15T20:06:41Z,sprint-5,not_ready
837,2023-12-15T20:06:57Z,sprint-5,running
838,2023-12-15T20:07:00Z,sprint-5,active
839,2023-12-15T20:08:00Z,sprint-5,active
840,2023-12-15T20:09:00Z,sprint-5,active
841,2023-12-15T20:10:00Z,sprint-5,active
842,2023-12-15T20:11:00Z,sprint-5,active
843,2023-12-15T20:12:00Z,sprint-5,active
844,2023-12-15T20:13:00Z,sprint-5,active
845,2023-12-15T20:14:00Z,sprint-5,active
846,2023-12-15T20:15:00Z,sprint-5,active
847,2023-12-15T20:16:00Z,sprint-5,active
848,2023-12-15T20:17:00Z,sprint-5,active
849,2023-12-15T20:18:00Z,sprint-5,active
850,2023-12-15T20:18:10Z,sprint-5,vehicle_error
851,2023-12-15T20:18:10Z,sprint-5,not_ready
852,2023-12-15T20:19:00Z,sprint-5,active
853,2023-12-15T20:20:00Z,sprint-5,active
854,2023-12-15T20:21:00Z,sprint-5,active
855,2023-12-15T20:22:00Z,sprint-5,active
856,2023-12-15T20:22:17Z,sprint-5,running
857,2023-12-15T20:22:33Z,sprint-5,ready
858,2023-12-15T20:22:57Z,sprint-5,not_ready
859,2023-12-15T20:23:00Z,sprint-5,active
860,2023-12-15T20:23:17Z,sprint-5,running
861,2023-12-15T20:23:56Z,sprint-5,not_ready
862,2023-12-15T20:24:00Z,sprint-5,active
863,2023-12-15T20:24:07Z,sprint-5,running
864,2023-12-15T20:24:41Z,sprint-5,not_ready
865,2023-12-15T20:24:46Z,sprint-5,running
866,2023-12-15T20:25:00Z,sprint-5,active
867,2023-12-15T20:25:29Z,sprint-5,not_ready
868,2023-12-15T20:25:40Z,sprint-5,running
869,2023-12-15T20:25:57Z,sprint-5,ready
870,2023-12-15T20:25:57Z,sprint-5,not_ready
871,2023-12-15T20:26:00Z,sprint-5,active
872,2023-12-15T20:27:00Z,sprint-5,active
873,2023-12-15T20:28:00Z,sprint-5,active
874,2023-12-15T20:28:38Z,sprint-5,running
875,2023-12-15T20:28:55Z,sprint-5,ready
876,2023-12-15T20:28:55Z,sprint-5,not_ready
877,2023-12-15T20:29:00Z,sprint-5,active
878,2023-12-15T20:29:31Z,sprint-5,running
879,2023-12-15T20:29:34Z,sprint-5,not_ready
880,2023-12-15T20:29:41Z,sprint-5,running
881,2023-12-15T20:29:58Z,sprint-5,ready
882,2023-12-15T20:29:58Z,sprint-5,not_ready
883,2023-12-15T20:30:00Z,sprint-5,active
884,2023-12-15T20:30:37Z,sprint-5,vehicle_error
885,2023-12-15T20:31:00Z,sprint-5,active
886,2023-12-15T20:31:03Z,sprint-5,running
887,2023-12-15T20:32:00Z,sprint-5,active
888,2023-12-15T20:33:00Z,sprint-5,active
889,2023-12-15T20:34:00Z,sprint-5,active
890,2023-12-15T20:35:00Z,sprint-5,active
891,2023-12-15T20:36:00Z,sprint-5,active
892,2023-12-15T20:37:00Z,sprint-5,active
893,2023-12-15T20:38:00Z,sprint-5,active
894,2023-12-15T20:38:20Z,sprint-5,not_ready
895,2023-12-15T20:38:23Z,sprint-5,running
896,2023-12-15T20:38:40Z,sprint-5,ready
897,2023-12-15T20:38:40Z,sprint-5,not_ready
898,2023-12-15T20:39:00Z,sprint-5,active
899,2023-12-15T20:40:00Z,sprint-5,active
900,2023-12-15T20:40:22Z,sprint-5,running
901,2023-12-15T20:40:39Z,sprint-5,ready
902,2023-12-15T20:40:39Z,sprint-5,not_ready
903,2023-12-15T20:41:00Z,sprint-5,active
904,2023-12-15T20:41:06Z,sprint-5,running
905,2023-12-15T20:41:23Z,sprint-5,ready
906,2023-12-15T20:41:36Z,data_3,error
907,2023-12-15T20:41:53Z,sprint-5,running
908,2023-12-15T20:41:53Z,sprint-5,not_ready
909,2023-12-15T20:42:00Z,sprint-5,active
910,2023-12-15T20:42:15Z,sprint-5,vehicle_error
911,2023-12-15T20:42:15Z,sprint-5,running
912,2023-12-15T20:42:31Z,sprint-5,ready
913,2023-12-15T20:42:46Z,sprint-5,not_ready
914,2023-12-15T20:43:00Z,sprint-5,active
915,2023-12-15T20:43:04Z,sprint-5,vehicle_error
916,2023-12-15T20:43:04Z,sprint-5,running
917,2023-12-15T20:43:20Z,sprint-5,ready
918,2023-12-15T20:43:42Z,sprint-5,not_ready
919,2023-12-15T20:44:00Z,sprint-5,active
920,2023-12-15T20:44:23Z,sprint-5,running
921,2023-12-15T20:45:00Z,sprint-5,active
922,2023-12-15T20:45:00Z,sprint-5,active
923,2023-12-15T20:46:00Z,sprint-5,active
924,2023-12-15T20:46:44Z,sprint-5,not_ready
925,2023-12-15T20:47:00Z,sprint-5,active
926,2023-12-15T20:47:27Z,sprint-5,ready
927,2023-12-15T20:47:30Z,sprint-5,not_ready
928,2023-12-15T20:47:57Z,sprint-5,vehicle_error
929,2023-12-15T20:47:59Z,sprint-5,running
930,2023-12-15T20:47:59Z,sprint-5,not_ready
931,2023-12-15T20:48:00Z,sprint-5,active
932,2023-12-15T20:48:01Z,sprint-5,running
933,2023-12-15T20:49:00Z,sprint-5,active
934,2023-12-15T20:50:00Z,sprint-5,active
935,2023-12-15T20:51:00Z,sprint-5,active
936,2023-12-15T20:51:42Z,sprint-5,not_ready
937,2023-12-15T20:51:52Z,sprint-5,running
938,2023-12-15T20:52:01Z,sprint-5,active
939,2023-12-15T20:53:00Z,sprint-5,active
940,2023-12-15T20:54:00Z,sprint-5,active
941,2023-12-15T20:55:00Z,sprint-5,active
942,2023-12-15T20:56:00Z,sprint-5,active
943,2023-12-15T20:57:00Z,sprint-5,active
944,2023-12-15T20:58:00Z,sprint-5,active
945,2023-12-15T20:59:00Z,sprint-5,active
946,2023-12-15T21:00:00Z,sprint-5,active
947,2023-12-15T21:01:00Z,sprint-5,active
948,2023-12-15T21:02:00Z,sprint-5,active
949,2023-12-15T21:03:00Z,sprint-5,active
950,2023-12-15T21:03:45Z,sprint-5,not_ready
951,2023-12-15T21:04:00Z,sprint-5,active
952,2023-12-15T21:05:00Z,sprint-5,active
953,2023-12-15T21:06:00Z,sprint-5,active
954,2023-12-15T21:06:52Z,sprint-5,ready
955,2023-12-15T21:06:57Z,sprint-5,not_ready
956,2023-12-15T21:07:00Z,sprint-5,active
957,2023-12-15T21:07:00Z,sprint-5,ready
958,2023-12-15T21:07:05Z,sprint-5,not_ready
959,2023-12-15T21:08:00Z,sprint-5,active
960,2023-12-15T21:09:00Z,sprint-5,active
961,2023-12-15T21:09:01Z,sprint-5,running
962,2023-12-15T21:10:00Z,sprint-5,active
963,2023-12-15T21:11:00Z,sprint-5,active
964,2023-12-15T21:12:00Z,sprint-5,active
965,2023-12-15T21:13:00Z,sprint-5,active
966,2023-12-15T21:14:00Z,sprint-5,active
967,2023-12-15T21:15:00Z,sprint-5,active
968,2023-12-15T21:16:00Z,sprint-5,active
969,2023-12-15T21:16:00Z,sprint-5,active
970,2023-12-15T21:17:00Z,sprint-5,active
971,2023-12-15T21:18:00Z,sprint-5,active
972,2023-12-15T21:19:00Z,sprint-5,active
973,2023-12-15T21:20:00Z,sprint-5,active
974,2023-12-15T21:21:00Z,sprint-5,active
975,2023-12-15T21:22:00Z,sprint-5,active
976,2023-12-15T21:23:00Z,sprint-5,active
977,2023-12-15T21:24:00Z,sprint-5,active
978,2023-12-15T21:24:10Z,sprint-5,not_ready
979,2023-12-15T21:25:00Z,sprint-5,active
980,2023-12-15T21:26:00Z,sprint-5,active
981,2023-12-15T21:27:00Z,sprint-5,active
982,2023-12-15T21:28:00Z,sprint-5,active
983,2023-12-15T21:29:00Z,sprint-5,active
984,2023-12-15T21:30:00Z,sprint-5,active
985,2023-12-15T21:31:00Z,sprint-5,active
986,2023-12-15T21:32:00Z,sprint-5,active
987,2023-12-15T21:33:00Z,sprint-5,active
988,2023-12-15T21:34:00Z,sprint-5,active
989,2023-12-15T21:35:00Z,sprint-5,active
990,2023-12-15T21:36:00Z,sprint-5,active
991,2023-12-15T21:37:00Z,sprint-5,active
992,2023-12-15T21:38:00Z,sprint-5,active
993,2023-12-15T21:39:00Z,sprint-5,active
994,2023-12-15T21:40:00Z,sprint-5,active
995,2023-12-15T21:41:00Z,sprint-5,active
996,2023-12-15T21:42:00Z,sprint-5,active
997,2023-12-15T21:43:00Z,sprint-5,active
998,2023-12-15T21:44:00Z,sprint-5,active
999,2023-12-15T21:45:00Z,sprint-5,active
1000,2023-12-15T21:46:00Z,sprint-5,active
1001,2023-12-15T21:47:00Z,sprint-5,active
1002,2023-12-15T21:48:00Z,sprint-5,active
1003,2023-12-15T21:49:00Z,sprint-5,active
1004,2023-12-15T21:50:00Z,sprint-5,active
1005,2023-12-15T21:50:56Z,sprint-5,vehicle_error
1006,2023-12-15T21:51:00Z,sprint-5,active
1007,2023-12-15T21:51:05Z,sprint-5,not_ready
1008,2023-12-15T21:51:43Z,sprint-5,vehicle_error
1009,2023-12-15T21:52:00Z,sprint-5,active
1010,2023-12-15T21:52:03Z,sprint-5,not_ready
1011,2023-12-15T21:53:00Z,sprint-5,active
1012,2023-12-15T21:54:00Z,sprint-5,active
1013,2023-12-15T21:54:56Z,sprint-5,vehicle_error
1014,2023-12-15T21:55:00Z,sprint-5,active
1015,2023-12-15T21:55:38Z,sprint-5,not_ready
1016,2023-12-15T21:55:54Z,sprint-5,vehicle_error
1017,2023-12-15T21:56:00Z,sprint-5,active
1018,2023-12-15T21:57:00Z,sprint-5,active
1019,2023-12-15T21:58:00Z,sprint-5,active
1020,2023-12-15T21:59:00Z,sprint-5,active
1021,2023-12-15T21:59:31Z,sprint-5,not_ready
1022,2023-12-15T21:59:34Z,sprint-5,vehicle_error
1023,2023-12-15T22:00:00Z,sprint-5,idle
1024,2023-12-15T22:00:43Z,sprint-5,not_ready
1025,2023-12-15T22:00:47Z,sprint-5,vehicle_error
1026,2023-12-15T22:00:48Z,sprint-5,not_ready
1027,2023-12-15T22:01:00Z,sprint-5,active
1028,2023-12-15T22:01:26Z,sprint-5,vehicle_error
1029,2023-12-15T22:01:46Z,sprint-5,not_ready
1030,2023-12-15T22:02:00Z,sprint-5,active
1031,2023-12-15T22:02:00Z,sprint-5,vehicle_error
1032,2023-12-15T22:02:01Z,sprint-5,not_ready
1033,2023-12-15T22:03:00Z,sprint-5,active
1034,2023-12-15T22:04:00Z,sprint-5,active
1035,2023-12-15T22:05:00Z,sprint-5,active
1036,2023-12-15T22:05:52Z,sprint-5,vehicle_error
1037,2023-12-15T22:06:00Z,sprint-5,active
1038,2023-12-15T22:07:00Z,sprint-5,idle
1039,2023-12-15T22:07:11Z,sprint-5,not_ready
1040,2023-12-15T22:07:48Z,sprint-5,vehicle_error
1041,2023-12-15T22:08:00Z,sprint-5,active
1042,2023-12-15T22:08:00Z,sprint-5,not_ready
1043,2023-12-15T22:09:00Z,sprint-5,active
1044,2023-12-15T22:09:10Z,sprint-5,vehicle_error
1045,2023-12-15T22:09:13Z,sprint-5,not_ready
1046,2023-12-15T22:09:40Z,sprint-5,vehicle_error
1047,2023-12-15T22:10:00Z,sprint-5,active
1048,2023-12-15T22:10:03Z,sprint-5,not_ready
1049,2023-12-15T22:10:35Z,sprint-5,vehicle_error
1050,2023-12-15T22:11:00Z,sprint-5,active
1051,2023-12-15T22:11:06Z,sprint-5,not_ready
1052,2023-12-15T22:11:43Z,sprint-5,vehicle_error
1053,2023-12-15T22:12:00Z,sprint-5,active
1054,2023-12-15T22:12:25Z,sprint-5,not_ready
1055,2023-12-15T22:12:43Z,sprint-5,vehicle_error
1056,2023-12-15T22:13:00Z,sprint-5,active
1057,2023-12-15T22:13:01Z,sprint-5,not_ready
1058,2023-12-15T22:14:00Z,sprint-5,active
1059,2023-12-15T22:14:39Z,sprint-5,vehicle_error
1060,2023-12-15T22:15:00Z,sprint-5,active
1061,2023-12-15T22:15:15Z,sprint-5,not_ready
1062,2023-12-15T22:15:38Z,sprint-5,vehicle_error
1063,2023-12-15T22:15:38Z,sprint-5,not_ready
1064,2023-12-15T22:16:00Z,sprint-5,active
1065,2023-12-15T22:16:09Z,sprint-5,vehicle_error
1066,2023-12-15T22:16:26Z,sprint-5,not_ready
1067,2023-12-15T22:16:51Z,sprint-5,vehicle_error
1068,2023-12-15T22:16:52Z,sprint-5,not_ready
1069,2023-12-15T22:17:00Z,sprint-5,active
1070,2023-12-15T22:18:00Z,sprint-5,active
1071,2023-12-15T22:18:50Z,sprint-5,vehicle_error
1072,2023-12-15T22:18:50Z,sprint-5,not_ready
1073,2023-12-15T22:19:00Z,sprint-5,active
1074,2023-12-15T22:19:16Z,sprint-5,vehicle_error
1075,2023-12-15T22:19:25Z,sprint-5,not_ready
1076,2023-12-15T22:19:25Z,sprint-5,vehicle_error
1077,2023-12-15T22:19:26Z,sprint-5,not_ready
1078,2023-12-15T22:19:46Z,sprint-5,not_ready
1079,2023-12-15T22:19:46Z,sprint-5,vehicle_error
1080,2023-12-15T22:20:00Z,sprint-5,active
1081,2023-12-15T22:20:32Z,sprint-5,vehicle_error
1082,2023-12-15T22:20:48Z,sprint-5,not_ready
1083,2023-12-15T22:21:00Z,sprint-5,active
1084,2023-12-15T22:21:52Z,sprint-5,vehicle_error
1085,2023-12-15T22:22:00Z,sprint-5,active
1086,2023-12-15T22:22:06Z,sprint-5,not_ready
1087,2023-12-15T22:23:00Z,sprint-5,active
1088,2023-12-15T22:24:00Z,sprint-5,active
1089,2023-12-15T22:24:00Z,sprint-5,vehicle_error
1090,2023-12-15T22:24:16Z,sprint-5,not_ready
1091,2023-12-15T22:24:35Z,sprint-5,vehicle_error
1092,2023-12-15T22:24:48Z,sprint-5,vehicle_error
1093,2023-12-15T22:24:48Z,sprint-5,not_ready
1094,2023-12-15T22:25:00Z,sprint-5,active
1095,2023-12-15T22:25:05Z,sprint-5,not_ready
1096,2023-12-15T22:25:22Z,sprint-5,vehicle_error
1097,2023-12-15T22:25:22Z,sprint-5,not_ready
1098,2023-12-15T22:25:22Z,sprint-5,vehicle_error
1099,2023-12-15T22:26:00Z,sprint-5,active
1100,2023-12-15T22:26:05Z,sprint-5,not_ready
1101,2023-12-15T22:26:36Z,sprint-5,vehicle_error
1102,2023-12-15T22:26:37Z,sprint-5,not_ready
1103,2023-12-15T22:27:00Z,sprint-5,active
1104,2023-12-15T22:27:49Z,sprint-5,vehicle_error
1105,2023-12-15T22:28:00Z,sprint-5,active
1106,2023-12-15T22:28:04Z,sprint-5,not_ready
1107,2023-12-15T22:29:00Z,sprint-5,active
1108,2023-12-15T22:29:25Z,sprint-5,vehicle_error
1109,2023-12-15T22:30:00Z,sprint-5,active
1110,2023-12-15T22:30:10Z,sprint-5,not_ready
1111,2023-12-15T22:30:27Z,sprint-5,vehicle_error
1112,2023-12-15T22:31:00Z,sprint-5,active
1113,2023-12-15T22:31:57Z,sprint-5,not_ready
1114,2023-12-15T22:32:00Z,sprint-5,active
1115,2023-12-15T22:32:44Z,sprint-5,vehicle_error
1116,2023-12-15T22:33:00Z,sprint-5,active
1117,2023-12-15T22:33:06Z,sprint-5,not_ready
1118,2023-12-15T22:33:06Z,sprint-5,vehicle_error
1119,2023-12-15T22:33:43Z,sprint-5,not_ready
1120,2023-12-15T22:34:00Z,sprint-5,active
1121,2023-12-15T22:34:41Z,sprint-5,vehicle_error
1122,2023-12-15T22:35:00Z,sprint-5,idle
1123,2023-12-15T22:36:00Z,sprint-5,idle
1124,2023-12-15T22:37:00Z,sprint-5,idle
1125,2023-12-15T22:38:00Z,sprint-5,idle
1126,2023-12-15T22:39:00Z,sprint-5,idle
1127,2023-12-15T22:45:00Z,sprint-5,offline
1128,2023-12-15T23:15:45Z,sprint-5,error
1129,2023-12-15T23:15:46Z,sprint-5,vehicle_error
1130,2023-12-15T23:15:46Z,sprint-5,not_ready
1131,2023-12-15T23:16:00Z,sprint-5,idle
1132,2023-12-15T23:17:00Z,sprint-5,idle
1133,2023-12-15T23:17:16Z,sprint-5,vehicle_error
1134,2023-12-15T23:17:53Z,sprint-5,not_ready
1135,2023-12-15T23:18:00Z,sprint-5,idle
1136,2023-12-15T23:18:20Z,sprint-5,vehicle_error
1137,2023-12-15T23:18:21Z,sprint-5,not_ready
1138,2023-12-15T23:18:21Z,sprint-5,vehicle_error
1139,2023-12-15T23:18:21Z,sprint-5,not_ready
1140,2023-12-15T23:18:23Z,sprint-5,vehicle_error
1141,2023-12-15T23:18:23Z,sprint-5,not_ready
1142,2023-12-15T23:18:27Z,sprint-5,vehicle_error
1143,2023-12-15T23:18:28Z,sprint-5,not_ready
1144,2023-12-15T23:18:28Z,sprint-5,vehicle_error
1145,2023-12-15T23:18:28Z,sprint-5,not_ready
1146,2023-12-15T23:19:00Z,sprint-5,active
1147,2023-12-15T23:20:00Z,sprint-5,active
1148,2023-12-15T23:21:00Z,sprint-5,active
1149,2023-12-15T23:22:00Z,sprint-5,active
1150,2023-12-15T23:23:00Z,sprint-5,active
1151,2023-12-15T23:24:00Z,sprint-5,active
1152,2023-12-15T23:25:00Z,sprint-5,active
1153,2023-12-15T23:26:00Z,sprint-5,active
1154,2023-12-15T23:27:00Z,sprint-5,active
1155,2023-12-15T23:28:00Z,sprint-5,active
1156,2023-12-15T23:29:00Z,sprint-5,active
1157,2023-12-15T23:30:00Z,sprint-5,active
1158,2023-12-15T23:31:00Z,sprint-5,active
1159,2023-12-15T23:32:00Z,sprint-5,idle
1160,2023-12-15T23:33:00Z,sprint-5,active
1161,2023-12-15T23:34:00Z,sprint-5,active
1162,2023-12-15T23:35:00Z,sprint-5,active
1163,2023-12-15T23:36:00Z,sprint-5,active
1164,2023-12-15T23:37:00Z,sprint-5,idle
1165,2023-12-15T23:38:00Z,sprint-5,idle
1166,2023-12-15T23:39:00Z,sprint-5,active
1167,2023-12-15T23:40:00Z,sprint-5,active
1168,2023-12-15T23:41:00Z,sprint-5,active
1169,2023-12-15T23:42:00Z,sprint-5,active
1170,2023-12-15T23:43:00Z,sprint-5,active
1171,2023-12-15T23:43:20Z,sprint-5,vehicle_error
1172,2023-12-15T23:43:22Z,sprint-5,running
1173,2023-12-15T23:43:39Z,sprint-5,ready
1174,2023-12-15T23:43:45Z,sprint-5,not_ready
1175,2023-12-15T23:43:55Z,sprint-5,running
1176,2023-12-15T23:44:00Z,sprint-5,active
1177,2023-12-15T23:44:12Z,sprint-5,ready
1178,2023-12-15T23:44:12Z,sprint-5,not_ready
1179,2023-12-15T23:45:00Z,sprint-5,active
1180,2023-12-15T23:45:25Z,sprint-5,vehicle_error
1181,2023-12-15T23:45:33Z,sprint-5,not_ready
1182,2023-12-15T23:46:00Z,sprint-5,active
1183,2023-12-15T23:46:47Z,sprint-5,running
1184,2023-12-15T23:47:00Z,sprint-5,active
1185,2023-12-15T23:47:04Z,sprint-5,ready
1186,2023-12-15T23:47:10Z,sprint-5,not_ready
1187,2023-12-15T23:48:00Z,sprint-5,active
1188,2023-12-15T23:48:25Z,sprint-5,vehicle_error
1189,2023-12-15T23:48:25Z,sprint-5,running
1190,2023-12-15T23:48:42Z,sprint-5,ready
1191,2023-12-15T23:48:44Z,sprint-5,not_ready
1192,2023-12-15T23:48:45Z,sprint-5,ready
1193,2023-12-15T23:48:48Z,sprint-5,not_ready
1194,2023-12-15T23:48:54Z,sprint-5,ready
1195,2023-12-15T23:49:00Z,sprint-5,active
1196,2023-12-15T23:49:01Z,sprint-5,not_ready
1197,2023-12-15T23:49:08Z,sprint-5,running
1198,2023-12-15T23:49:24Z,sprint-5,ready
1199,2023-12-15T23:49:49Z,sprint-5,not_ready
1200,2023-12-15T23:49:53Z,sprint-5,ready
1201,2023-12-15T23:49:54Z,sprint-5,not_ready
1202,2023-12-15T23:49:54Z,sprint-5,running
1203,2023-12-15T23:49:57Z,sprint-5,vehicle_error
1204,2023-12-15T23:50:00Z,sprint-5,active
1205,2023-12-15T23:50:04Z,sprint-5,not_ready
1206,2023-12-15T23:50:07Z,sprint-5,vehicle_error
1207,2023-12-15T23:50:07Z,sprint-5,running
1208,2023-12-15T23:50:23Z,sprint-5,not_ready
1209,2023-12-15T23:51:00Z,sprint-5,active
1210,2023-12-15T23:52:00Z,sprint-5,active
1211,2023-12-15T23:53:00Z,sprint-5,active
1212,2023-12-15T23:54:00Z,sprint-5,active
1213,2023-12-15T23:54:35Z,sprint-5,error
1214,2023-12-15T23:54:36Z,sprint-5,not_ready
1215,2023-12-15T23:54:57Z,sprint-5,vehicle_error
1216,2023-12-15T23:55:00Z,sprint-5,active
1217,2023-12-15T23:55:55Z,sprint-5,not_ready
1218,2023-12-15T23:55:59Z,sprint-5,vehicle_error
1219,2023-12-15T23:56:00Z,sprint-5,active
1220,2023-12-15T23:57:00Z,sprint-5,active
1221,2023-12-15T23:58:00Z,sprint-5,active
1222,2023-12-15T00:05:00Z,sprint-5,offline
1223,2023-12-15T01:44:39Z,dev-ek,error
1224,2023-12-15T18:55:00Z,dev-ek,error
1225,2023-12-15T19:04:50Z,dev-ek,error
1226,2023-12-15T19:07:17Z,dev-ek,error
1227,2023-12-15T19:22:54Z,sprint-5,error
1228,2023-12-15T19:22:56Z,sprint-5,vehicle_error
1229,2023-12-15T19:25:00Z,sprint-5,idle
1230,2023-12-15T19:26:00Z,sprint-5,active
1231,2023-12-15T19:26:02Z,sprint-5,not_ready
1232,2023-12-15T19:27:00Z,sprint-5,active
1233,2023-12-15T19:28:00Z,sprint-5,active
1234,2023-12-15T19:29:00Z,sprint-5,active
1235,2023-12-15T19:30:00Z,sprint-5,active
1236,2023-12-15T19:31:00Z,sprint-5,active
1237,2023-12-15T19:32:00Z,sprint-5,active
1238,2023-12-15T19:33:00Z,sprint-5,active
1239,2023-12-15T19:34:00Z,sprint-5,active
1240,2023-12-15T19:35:00Z,sprint-5,active
1241,2023-12-15T19:36:00Z,sprint-5,active
1242,2023-12-15T19:37:00Z,sprint-5,active
1243,2023-12-15T19:38:00Z,sprint-5,active
1244,2023-12-15T19:39:00Z,sprint-5,active
1245,2023-12-15T19:40:00Z,sprint-5,active
1246,2023-12-15T19:41:00Z,sprint-5,active
1247,2023-12-15T19:42:00Z,sprint-5,active
1248,2023-12-15T19:43:00Z,sprint-5,active
1249,2023-12-15T19:44:00Z,sprint-5,active
1250,2023-12-15T19:45:00Z,sprint-5,active
1251,2023-12-15T19:46:00Z,sprint-5,active
1252,2023-12-15T19:47:00Z,sprint-5,active
1253,2023-12-15T19:48:00Z,sprint-5,active
1254,2023-12-15T19:49:00Z,sprint-5,active
1255,2023-12-15T19:50:00Z,sprint-5,active
1256,2023-12-15T19:51:00Z,sprint-5,active
1257,2023-12-15T19:52:00Z,sprint-5,active
1258,2023-12-15T19:53:00Z,sprint-5,active
1259,2023-12-15T19:54:00Z,sprint-5,active
1260,2023-12-15T19:55:00Z,sprint-5,active
1261,2023-12-15T19:56:00Z,sprint-5,active
1262,2023-12-15T19:57:00Z,sprint-5,active
1263,2023-12-15T19:58:00Z,sprint-5,active
1264,2023-12-15T19:59:00Z,sprint-5,active
1265,2023-12-15T20:00:00Z,sprint-5,active
1266,2023-12-15T20:01:00Z,sprint-5,active
1267,2023-12-15T20:02:00Z,sprint-5,active
1268,2023-12-15T20:02:40Z,sprint-5,running
1269,2023-12-15T20:03:00Z,sprint-5,active
1270,2023-12-15T20:04:00Z,sprint-5,active
1271,2023-12-15T20:05:00Z,sprint-5,active
1272,2023-12-15T20:06:00Z,sprint-5,active
1273,2023-12-15T20:06:41Z,sprint-5,not_ready
1274,2023-12-15T20:06:57Z,sprint-5,running
1275,2023-12-15T20:07:00Z,sprint-5,active
1276,2023-12-15T20:08:00Z,sprint-5,active
1277,2023-12-15T20:09:00Z,sprint-5,active
1278,2023-12-15T20:10:00Z,sprint-5,active
1279,2023-12-15T20:11:00Z,sprint-5,active
1280,2023-12-15T20:12:00Z,sprint-5,active
1281,2023-12-15T20:13:00Z,sprint-5,active
1282,2023-12-15T20:14:00Z,sprint-5,active
1283,2023-12-15T20:15:00Z,sprint-5,active
1284,2023-12-15T20:16:00Z,sprint-5,active
1285,2023-12-15T20:17:00Z,sprint-5,active
1286,2023-12-15T20:18:00Z,sprint-5,active
1287,2023-12-15T20:18:10Z,sprint-5,vehicle_error
1288,2023-12-15T20:18:10Z,sprint-5,not_ready
1289,2023-12-15T20:19:00Z,sprint-5,active
1290,2023-12-15T20:20:00Z,sprint-5,active
1291,2023-12-15T20:21:00Z,sprint-5,active
1292,2023-12-15T20:22:00Z,sprint-5,active
1293,2023-12-15T20:22:17Z,sprint-5,running
1294,2023-12-15T20:22:33Z,sprint-5,ready
1295,2023-12-15T20:22:57Z,sprint-5,not_ready
1296,2023-12-15T20:23:00Z,sprint-5,active
1297,2023-12-15T20:23:17Z,sprint-5,running
1298,2023-12-15T20:23:56Z,sprint-5,not_ready
1299,2023-12-15T20:24:00Z,sprint-5,active
1300,2023-12-15T20:24:07Z,sprint-5,running
1301,2023-12-15T20:24:41Z,sprint-5,not_ready
1302,2023-12-15T20:24:46Z,sprint-5,running
1303,2023-12-15T20:25:00Z,sprint-5,active
1304,2023-12-15T20:25:29Z,sprint-5,not_ready
1305,2023-12-15T20:25:40Z,sprint-5,running
1306,2023-12-15T20:25:57Z,sprint-5,ready
1307,2023-12-15T20:25:57Z,sprint-5,not_ready
1308,2023-12-15T20:26:00Z,sprint-5,active
1309,2023-12-15T20:27:00Z,sprint-5,active
1310,2023-12-15T20:28:00Z,sprint-5,active
1311,2023-12-15T20:28:38Z,sprint-5,running
1312,2023-12-15T20:28:55Z,sprint-5,ready
1313,2023-12-15T20:28:55Z,sprint-5,not_ready
1314,2023-12-15T20:29:00Z,sprint-5,active
1315,2023-12-15T20:29:31Z,sprint-5,running
1316,2023-12-15T20:29:34Z,sprint-5,not_ready
1317,2023-12-15T20:29:41Z,sprint-5,running
1318,2023-12-15T20:29:58Z,sprint-5,ready
1319,2023-12-15T20:29:58Z,sprint-5,not_ready
1320,2023-12-15T20:30:00Z,sprint-5,active
1321,2023-12-15T20:30:37Z,sprint-5,vehicle_error
1322,2023-12-15T20:31:00Z,sprint-5,active
1323,2023-12-15T20:31:03Z,sprint-5,running
1324,2023-12-15T20:32:00Z,sprint-5,active
1325,2023-12-15T20:33:00Z,sprint-5,active
1326,2023-12-15T20:34:00Z,sprint-5,active
1327,2023-12-15T20:35:00Z,sprint-5,active
1328,2023-12-15T20:36:00Z,sprint-5,active
1329,2023-12-15T20:37:00Z,sprint-5,active
1330,2023-12-15T20:38:00Z,sprint-5,active
1331,2023-12-15T20:38:20Z,sprint-5,not_ready
1332,2023-12-15T20:38:23Z,sprint-5,running
1333,2023-12-15T20:38:40Z,sprint-5,ready
1334,2023-12-15T20:38:40Z,sprint-5,not_ready
1335,2023-12-15T20:39:00Z,sprint-5,active
1336,2023-12-15T20:40:00Z,sprint-5,active
1337,2023-12-15T20:40:22Z,sprint-5,running
1338,2023-12-15T20:40:39Z,sprint-5,ready
1339,2023-12-15T20:40:39Z,sprint-5,not_ready
1340,2023-12-15T20:41:00Z,sprint-5,active
1341,2023-12-15T20:41:06Z,sprint-5,running
1342,2023-12-15T20:41:23Z,sprint-5,ready
1343,2023-12-15T20:41:36Z,data_3,error
1344,2023-12-15T20:41:53Z,sprint-5,running
1345,2023-12-15T20:41:53Z,sprint-5,not_ready
1346,2023-12-15T20:42:00Z,sprint-5,active
1347,2023-12-15T20:42:15Z,sprint-5,vehicle_error
1348,2023-12-15T20:42:15Z,sprint-5,running
1349,2023-12-15T20:42:31Z,sprint-5,ready
1350,2023-12-15T20:42:46Z,sprint-5,not_ready
1351,2023-12-15T20:43:00Z,sprint-5,active
1352,2023-12-15T20:43:04Z,sprint-5,vehicle_error
1353,2023-12-15T20:43:04Z,sprint-5,running
1354,2023-12-15T20:43:20Z,sprint-5,ready
1355,2023-12-15T20:43:42Z,sprint-5,not_ready
1356,2023-12-15T20:44:00Z,sprint-5,active
1357,2023-12-15T20:44:23Z,sprint-5,running
1358,2023-12-15T20:45:00Z,sprint-5,active
1359,2023-12-15T20:45:00Z,sprint-5,active
1360,2023-12-15T20:46:00Z,sprint-5,active
1361,2023-12-15T20:46:44Z,sprint-5,not_ready
1362,2023-12-15T20:47:00Z,sprint-5,active
1363,2023-12-15T20:47:27Z,sprint-5,ready
1364,2023-12-15T20:47:30Z,sprint-5,not_ready
1365,2023-12-15T20:47:57Z,sprint-5,vehicle_error
1366,2023-12-15T20:47:59Z,sprint-5,running
1367,2023-12-15T20:47:59Z,sprint-5,not_ready
1368,2023-12-15T20:48:00Z,sprint-5,active
1369,2023-12-15T20:48:01Z,sprint-5,running
1370,2023-12-15T20:49:00Z,sprint-5,active
1371,2023-12-15T20:50:00Z,sprint-5,active
1372,2023-12-15T20:51:00Z,sprint-5,active
1373,2023-12-15T20:51:42Z,sprint-5,not_ready
1374,2023-12-15T20:51:52Z,sprint-5,running
1375,2023-12-15T20:52:01Z,sprint-5,active
1376,2023-12-15T20:53:00Z,sprint-5,active
1377,2023-12-15T20:54:00Z,sprint-5,active
1378,2023-12-15T20:55:00Z,sprint-5,active
1379,2023-12-15T20:56:00Z,sprint-5,active
1380,2023-12-15T20:57:00Z,sprint-5,active
1381,2023-12-15T20:58:00Z,sprint-5,active
1382,2023-12-15T20:59:00Z,sprint-5,active
1383,2023-12-15T21:00:00Z,sprint-5,active
1384,2023-12-15T21:01:00Z,sprint-5,active
1385,2023-12-15T21:02:00Z,sprint-5,active
1386,2023-12-15T21:03:00Z,sprint-5,active
1387,2023-12-15T21:03:45Z,sprint-5,not_ready
1388,2023-12-15T21:04:00Z,sprint-5,active
1389,2023-12-15T21:05:00Z,sprint-5,active
1390,2023-12-15T21:06:00Z,sprint-5,active
1391,2023-12-15T21:06:52Z,sprint-5,ready
1392,2023-12-15T21:06:57Z,sprint-5,not_ready
1393,2023-12-15T21:07:00Z,sprint-5,active
1394,2023-12-15T21:07:00Z,sprint-5,ready
1395,2023-12-15T21:07:05Z,sprint-5,not_ready
1396,2023-12-15T21:08:00Z,sprint-5,active
1397,2023-12-15T21:09:00Z,sprint-5,active
1398,2023-12-15T21:09:01Z,sprint-5,running
1399,2023-12-15T21:10:00Z,sprint-5,active
1400,2023-12-15T21:11:00Z,sprint-5,active
1401,2023-12-15T21:12:00Z,sprint-5,active
1402,2023-12-15T21:13:00Z,sprint-5,active
1403,2023-12-15T21:14:00Z,sprint-5,active
1404,2023-12-15T21:15:00Z,sprint-5,active
1405,2023-12-15T21:16:00Z,sprint-5,active
1406,2023-12-15T21:16:00Z,sprint-5,active
1407,2023-12-15T21:17:00Z,sprint-5,active
1408,2023-12-15T21:18:00Z,sprint-5,active
1409,2023-12-15T21:19:00Z,sprint-5,active
1410,2023-12-15T21:20:00Z,sprint-5,active
1411,2023-12-15T21:21:00Z,sprint-5,active
1412,2023-12-15T21:22:00Z,sprint-5,active
1413,2023-12-15T21:23:00Z,sprint-5,active
1414,2023-12-15T21:24:00Z,sprint-5,active
1415,2023-12-15T21:24:10Z,sprint-5,not_ready
1416,2023-12-15T21:25:00Z,sprint-5,active
1417,2023-12-15T21:26:00Z,sprint-5,active
1418,2023-12-15T21:27:00Z,sprint-5,active
1419,2023-12-15T21:28:00Z,sprint-5,active
1420,2023-12-15T21:29:00Z,sprint-5,active
1421,2023-12-15T21:30:00Z,sprint-5,active
1422,2023-12-15T21:31:00Z,sprint-5,active
1423,2023-12-15T21:32:00Z,sprint-5,active
1424,2023-12-15T21:33:00Z,sprint-5,active
1425,2023-12-15T21:34:00Z,sprint-5,active
1426,2023-12-15T21:35:00Z,sprint-5,active
1427,2023-12-15T21:36:00Z,sprint-5,active
1428,2023-12-15T21:37:00Z,sprint-5,active
1429,2023-12-15T21:38:00Z,sprint-5,active
1430,2023-12-15T21:39:00Z,sprint-5,active
1431,2023-12-15T21:40:00Z,sprint-5,active
1432,2023-12-15T21:41:00Z,sprint-5,active
1433,2023-12-15T21:42:00Z,sprint-5,active
1434,2023-12-15T21:43:00Z,sprint-5,active
1435,2023-12-15T21:44:00Z,sprint-5,active
1436,2023-12-15T21:45:00Z,sprint-5,active
1437,2023-12-15T21:46:00Z,sprint-5,active
1438,2023-12-15T21:47:00Z,sprint-5,active
1439,2023-12-15T21:48:00Z,sprint-5,active
1440,2023-12-15T21:49:00Z,sprint-5,active
1441,2023-12-15T21:50:00Z,sprint-5,active
1442,2023-12-15T21:50:56Z,sprint-5,vehicle_error
1443,2023-12-15T21:51:00Z,sprint-5,active
1444,2023-12-15T21:51:05Z,sprint-5,not_ready
1445,2023-12-15T21:51:43Z,sprint-5,vehicle_error
1446,2023-12-15T21:52:00Z,sprint-5,active
1447,2023-12-15T21:52:03Z,sprint-5,not_ready
1448,2023-12-15T21:53:00Z,sprint-5,active
1449,2023-12-15T21:54:00Z,sprint-5,active
1450,2023-12-15T21:54:56Z,sprint-5,vehicle_error
1451,2023-12-15T21:55:00Z,sprint-5,active
1452,2023-12-15T21:55:38Z,sprint-5,not_ready
1453,2023-12-15T21:55:54Z,sprint-5,vehicle_error
1454,2023-12-15T21:56:00Z,sprint-5,active
1455,2023-12-15T21:57:00Z,sprint-5,active
1456,2023-12-15T21:58:00Z,sprint-5,active
1457,2023-12-15T21:59:00Z,sprint-5,active
1458,2023-12-15T21:59:31Z,sprint-5,not_ready
1459,2023-12-15T21:59:34Z,sprint-5,vehicle_error
1460,2023-12-15T22:00:00Z,sprint-5,idle
1461,2023-12-15T22:00:43Z,sprint-5,not_ready
1462,2023-12-15T22:00:47Z,sprint-5,vehicle_error
1463,2023-12-15T22:00:48Z,sprint-5,not_ready
1464,2023-12-15T22:01:00Z,sprint-5,active
1465,2023-12-15T22:01:26Z,sprint-5,vehicle_error
1466,2023-12-15T22:01:46Z,sprint-5,not_ready
1467,2023-12-15T22:02:00Z,sprint-5,active
1468,2023-12-15T22:02:00Z,sprint-5,vehicle_error
1469,2023-12-15T22:02:01Z,sprint-5,not_ready
1470,2023-12-15T22:03:00Z,sprint-5,active
1471,2023-12-15T22:04:00Z,sprint-5,active
1472,2023-12-15T22:05:00Z,sprint-5,active
1473,2023-12-15T22:05:52Z,sprint-5,vehicle_error
1474,2023-12-15T22:06:00Z,sprint-5,active
1475,2023-12-15T22:07:00Z,sprint-5,idle
1476,2023-12-15T22:07:11Z,sprint-5,not_ready
1477,2023-12-15T22:07:48Z,sprint-5,vehicle_error
1478,2023-12-15T22:08:00Z,sprint-5,active
1479,2023-12-15T22:08:00Z,sprint-5,not_ready
1480,2023-12-15T22:09:00Z,sprint-5,active
1481,2023-12-15T22:09:10Z,sprint-5,vehicle_error
1482,2023-12-15T22:09:13Z,sprint-5,not_ready
1483,2023-12-15T22:09:40Z,sprint-5,vehicle_error
1484,2023-12-15T22:10:00Z,sprint-5,active
1485,2023-12-15T22:10:03Z,sprint-5,not_ready
1486,2023-12-15T22:10:35Z,sprint-5,vehicle_error
1487,2023-12-15T22:11:00Z,sprint-5,active
1488,2023-12-15T22:11:06Z,sprint-5,not_ready
1489,2023-12-15T22:11:43Z,sprint-5,vehicle_error
1490,2023-12-15T22:12:00Z,sprint-5,active
1491,2023-12-15T22:12:25Z,sprint-5,not_ready
1492,2023-12-15T22:12:43Z,sprint-5,vehicle_error
1493,2023-12-15T22:13:00Z,sprint-5,active
1494,2023-12-15T22:13:01Z,sprint-5,not_ready
1495,2023-12-15T22:14:00Z,sprint-5,active
1496,2023-12-15T22:14:39Z,sprint-5,vehicle_error
1497,2023-12-15T22:15:00Z,sprint-5,active
1498,2023-12-15T22:15:15Z,sprint-5,not_ready
1499,2023-12-15T22:15:38Z,sprint-5,vehicle_error
1500,2023-12-15T22:15:38Z,sprint-5,not_ready
1501,2023-12-15T22:16:00Z,sprint-5,active
1502,2023-12-15T22:16:09Z,sprint-5,vehicle_error
1503,2023-12-15T22:16:26Z,sprint-5,not_ready
1504,2023-12-15T22:16:51Z,sprint-5,vehicle_error
1505,2023-12-15T22:16:52Z,sprint-5,not_ready
1506,2023-12-15T22:17:00Z,sprint-5,active
1507,2023-12-15T22:18:00Z,sprint-5,active
1508,2023-12-15T22:18:50Z,sprint-5,vehicle_error
1509,2023-12-15T22:18:50Z,sprint-5,not_ready
1510,2023-12-15T22:19:00Z,sprint-5,active
1511,2023-12-15T22:19:16Z,sprint-5,vehicle_error
1512,2023-12-15T22:19:25Z,sprint-5,not_ready
1513,2023-12-15T22:19:25Z,sprint-5,vehicle_error
1514,2023-12-15T22:19:26Z,sprint-5,not_ready
1515,2023-12-15T22:19:46Z,sprint-5,not_ready
1516,2023-12-15T22:19:46Z,sprint-5,vehicle_error
1517,2023-12-15T22:20:00Z,sprint-5,active
1518,2023-12-15T22:20:32Z,sprint-5,vehicle_error
1519,2023-12-15T22:20:48Z,sprint-5,not_ready
1520,2023-12-15T22:21:00Z,sprint-5,active
1521,2023-12-15T22:21:52Z,sprint-5,vehicle_error
1522,2023-12-15T22:22:00Z,sprint-5,active
1523,2023-12-15T22:22:06Z,sprint-5,not_ready
1524,2023-12-15T22:23:00Z,sprint-5,active
1525,2023-12-15T22:24:00Z,sprint-5,active
1526,2023-12-15T22:24:00Z,sprint-5,vehicle_error
1527,2023-12-15T22:24:16Z,sprint-5,not_ready
1528,2023-12-15T22:24:35Z,sprint-5,vehicle_error
1529,2023-12-15T22:24:48Z,sprint-5,vehicle_error
1530,2023-12-15T22:24:48Z,sprint-5,not_ready
1531,2023-12-15T22:25:00Z,sprint-5,active
1532,2023-12-15T22:25:05Z,sprint-5,not_ready
1533,2023-12-15T22:25:22Z,sprint-5,vehicle_error
1534,2023-12-15T22:25:22Z,sprint-5,not_ready
1535,2023-12-15T22:25:22Z,sprint-5,vehicle_error
1536,2023-12-15T22:26:00Z,sprint-5,active
1537,2023-12-15T22:26:05Z,sprint-5,not_ready
1538,2023-12-15T22:26:36Z,sprint-5,vehicle_error
1539,2023-12-15T22:26:37Z,sprint-5,not_ready
1540,2023-12-15T22:27:00Z,sprint-5,active
1541,2023-12-15T22:27:49Z,sprint-5,vehicle_error
1542,2023-12-15T22:28:00Z,sprint-5,active
1543,2023-12-15T22:28:04Z,sprint-5,not_ready
1544,2023-12-15T22:29:00Z,sprint-5,active
1545,2023-12-15T22:29:25Z,sprint-5,vehicle_error
1546,2023-12-15T22:30:00Z,sprint-5,active
1547,2023-12-15T22:30:10Z,sprint-5,not_ready
1548,2023-12-15T22:30:27Z,sprint-5,vehicle_error
1549,2023-12-15T22:31:00Z,sprint-5,active
1550,2023-12-15T22:31:57Z,sprint-5,not_ready
1551,2023-12-15T22:32:00Z,sprint-5,active
1552,2023-12-15T22:32:44Z,sprint-5,vehicle_error
1553,2023-12-15T22:33:00Z,sprint-5,active
1554,2023-12-15T22:33:06Z,sprint-5,not_ready
1555,2023-12-15T22:33:06Z,sprint-5,vehicle_error
1556,2023-12-15T22:33:43Z,sprint-5,not_ready
1557,2023-12-15T22:34:00Z,sprint-5,active
1558,2023-12-15T22:34:41Z,sprint-5,vehicle_error
1559,2023-12-15T22:35:00Z,sprint-5,idle
1560,2023-12-15T22:36:00Z,sprint-5,idle
1561,2023-12-15T22:37:00Z,sprint-5,idle
1562,2023-12-15T22:38:00Z,sprint-5,idle
1563,2023-12-15T22:39:00Z,sprint-5,idle
1564,2023-12-15T22:45:00Z,sprint-5,offline
1565,2023-12-15T23:15:45Z,sprint-5,error
1566,2023-12-15T23:15:46Z,sprint-5,vehicle_error
1567,2023-12-15T23:15:46Z,sprint-5,not_ready
1568,2023-12-15T23:16:00Z,sprint-5,idle
1569,2023-12-15T23:17:00Z,sprint-5,idle
1570,2023-12-15T23:17:16Z,sprint-5,vehicle_error
1571,2023-12-15T23:17:53Z,sprint-5,not_ready
1572,2023-12-15T23:18:00Z,sprint-5,idle
1573,2023-12-15T23:18:20Z,sprint-5,vehicle_error
1574,2023-12-15T23:18:21Z,sprint-5,not_ready
1575,2023-12-15T23:18:21Z,sprint-5,vehicle_error
1576,2023-12-15T23:18:21Z,sprint-5,not_ready
1577,2023-12-15T23:18:23Z,sprint-5,vehicle_error
1578,2023-12-15T23:18:23Z,sprint-5,not_ready
1579,2023-12-15T23:18:27Z,sprint-5,vehicle_error
1580,2023-12-15T23:18:28Z,sprint-5,not_ready
1581,2023-12-15T23:18:28Z,sprint-5,vehicle_error
1582,2023-12-15T23:18:28Z,sprint-5,not_ready
1583,2023-12-15T23:19:00Z,sprint-5,active
1584,2023-12-15T23:20:00Z,sprint-5,active
1585,2023-12-15T23:21:00Z,sprint-5,active
1586,2023-12-15T23:22:00Z,sprint-5,active
1587,2023-12-15T23:23:00Z,sprint-5,active
1588,2023-12-15T23:24:00Z,sprint-5,active
1589,2023-12-15T23:25:00Z,sprint-5,active
1590,2023-12-15T23:26:00Z,sprint-5,active
1591,2023-12-15T23:27:00Z,sprint-5,active
1592,2023-12-15T23:28:00Z,sprint-5,active
1593,2023-12-15T23:29:00Z,sprint-5,active
1594,2023-12-15T23:30:00Z,sprint-5,active
1595,2023-12-15T23:31:00Z,sprint-5,active
1596,2023-12-15T23:32:00Z,sprint-5,idle
1597,2023-12-15T23:33:00Z,sprint-5,active
1598,2023-12-15T23:34:00Z,sprint-5,active
1599,2023-12-15T23:35:00Z,sprint-5,active
1600,2023-12-15T23:36:00Z,sprint-5,active
1601,2023-12-15T23:37:00Z,sprint-5,idle
1602,2023-12-15T23:38:00Z,sprint-5,idle
1603,2023-12-15T23:39:00Z,sprint-5,active
1604,2023-12-15T23:40:00Z,sprint-5,active
1605,2023-12-15T23:41:00Z,sprint-5,active
1606,2023-12-15T23:42:00Z,sprint-5,active
1607,2023-12-15T23:43:00Z,sprint-5,active
1608,2023-12-15T23:43:20Z,sprint-5,vehicle_error
1609,2023-12-15T23:43:22Z,sprint-5,running
1610,2023-12-15T23:43:39Z,sprint-5,ready
1611,2023-12-15T23:43:45Z,sprint-5,not_ready
1612,2023-12-15T23:43:55Z,sprint-5,running
1613,2023-12-15T23:44:00Z,sprint-5,active
1614,2023-12-15T23:44:12Z,sprint-5,ready
1615,2023-12-15T23:44:12Z,sprint-5,not_ready
1616,2023-12-15T23:45:00Z,sprint-5,active
1617,2023-12-15T23:45:25Z,sprint-5,vehicle_error
1618,2023-12-15T23:45:33Z,sprint-5,not_ready
1619,2023-12-15T23:46:00Z,sprint-5,active
1620,2023-12-15T23:46:47Z,sprint-5,running
1621,2023-12-15T23:47:00Z,sprint-5,active
1622,2023-12-15T23:47:04Z,sprint-5,ready
1623,2023-12-15T23:47:10Z,sprint-5,not_ready
1624,2023-12-15T23:48:00Z,sprint-5,active
1625,2023-12-15T23:48:25Z,sprint-5,vehicle_error
1626,2023-12-15T23:48:25Z,sprint-5,running
1627,2023-12-15T23:48:42Z,sprint-5,ready
1628,2023-12-15T23:48:44Z,sprint-5,not_ready
1629,2023-12-15T23:48:45Z,sprint-5,ready
1630,2023-12-15T23:48:48Z,sprint-5,not_ready
1631,2023-12-15T23:48:54Z,sprint-5,ready
1632,2023-12-15T23:49:00Z,sprint-5,active
1633,2023-12-15T23:49:01Z,sprint-5,not_ready
1634,2023-12-15T23:49:08Z,sprint-5,running
1635,2023-12-15T23:49:24Z,sprint-5,ready
1636,2023-12-15T23:49:49Z,sprint-5,not_ready
1637,2023-12-15T23:49:53Z,sprint-5,ready
1638,2023-12-15T23:49:54Z,sprint-5,not_ready
1639,2023-12-15T23:49:54Z,sprint-5,running
1640,2023-12-15T23:49:57Z,sprint-5,vehicle_error
1641,2023-12-15T23:50:00Z,sprint-5,active
1642,2023-12-15T23:50:04Z,sprint-5,not_ready
1643,2023-12-15T23:50:07Z,sprint-5,vehicle_error
1644,2023-12-15T23:50:07Z,sprint-5,running
1645,2023-12-15T23:50:23Z,sprint-5,not_ready
1646,2023-12-15T23:51:00Z,sprint-5,active
1647,2023-12-15T23:52:00Z,sprint-5,active
1648,2023-12-15T23:53:00Z,sprint-5,active
1649,2023-12-15T23:54:00Z,sprint-5,active
1650,2023-12-15T23:54:35Z,sprint-5,error
1651,2023-12-15T23:54:36Z,sprint-5,not_ready
1652,2023-12-15T23:54:57Z,sprint-5,vehicle_error
1653,2023-12-15T23:55:00Z,sprint-5,active
1654,2023-12-15T23:55:55Z,sprint-5,not_ready
1655,2023-12-15T23:55:59Z,sprint-5,vehicle_error
1656,2023-12-15T23:56:00Z,sprint-5,active
1657,2023-12-15T23:57:00Z,sprint-5,active
1658,2023-12-15T23:58:00Z,sprint-5,active
1659,2023-12-15T23:59:00Z,sprint-5,active
1660,2023-12-16T00:00:00Z,sprint-5,active
1661,2023-12-16T00:01:00Z,sprint-5,active
1662,2023-12-16T00:01:27Z,sprint-5,error
1663,2023-12-16T00:01:28Z,sprint-5,vehicle_error
1664,2023-12-16T00:01:28Z,sprint-5,not_ready
1665,2023-12-16T00:02:00Z,sprint-5,active
1666,2023-12-16T00:03:00Z,sprint-5,active
1667,2023-12-16T00:04:00Z,sprint-5,active
1668,2023-12-16T00:04:33Z,sprint-5,running
1669,2023-12-16T00:05:00Z,sprint-5,active
1670,2023-12-16T00:05:05Z,sprint-5,not_ready
1671,2023-12-16T00:05:16Z,sprint-5,running
1672,2023-12-16T00:05:42Z,sprint-5,not_ready
1673,2023-12-16T00:06:00Z,sprint-5,active
1674,2023-12-16T00:07:00Z,sprint-5,active
1675,2023-12-16T00:08:00Z,sprint-5,active
1676,2023-12-16T00:09:00Z,sprint-5,active
1677,2023-12-16T00:09:20Z,sprint-5,running
1678,2023-12-16T00:09:22Z,sprint-5,not_ready
1679,2023-12-16T00:09:50Z,sprint-5,running
1680,2023-12-16T00:09:51Z,sprint-5,not_ready
1681,2023-12-16T00:10:00Z,sprint-5,active
1682,2023-12-16T00:10:21Z,sprint-5,running
1683,2023-12-16T00:11:00Z,sprint-5,active
1684,2023-12-16T00:11:23Z,sprint-5,vehicle_error
1685,2023-12-16T00:11:23Z,sprint-5,not_ready
1686,2023-12-16T00:12:00Z,sprint-5,active
1687,2023-12-16T00:13:00Z,sprint-5,active
1688,2023-12-16T00:14:00Z,sprint-5,active
1689,2023-12-16T00:15:00Z,sprint-5,active
1690,2023-12-16T00:16:00Z,sprint-5,idle
1691,2023-12-16T00:17:00Z,sprint-5,idle
1692,2023-12-16T00:18:00Z,sprint-5,idle
1693,2023-12-16T00:19:00Z,sprint-5,idle
1694,2023-12-16T00:20:00Z,sprint-5,idle
1695,2023-12-16T00:21:00Z,sprint-5,active
1696,2023-12-16T00:22:00Z,sprint-5,active
1697,2023-12-16T00:22:10Z,sprint-5,vehicle_error
1698,2023-12-16T00:22:13Z,sprint-5,running
1699,2023-12-16T00:22:24Z,sprint-5,not_ready
1700,2023-12-16T00:23:00Z,sprint-5,active
1701,2023-12-16T00:23:06Z,sprint-5,running
1702,2023-12-16T00:23:09Z,sprint-5,not_ready
1703,2023-12-16T00:23:37Z,sprint-5,running
1704,2023-12-16T00:23:47Z,sprint-5,not_ready
1705,2023-12-16T00:24:00Z,sprint-5,active
1706,2023-12-16T00:25:00Z,sprint-5,active
1707,2023-12-16T00:25:37Z,sprint-5,running
1708,2023-12-16T00:25:54Z,sprint-5,not_ready
1709,2023-12-16T00:26:00Z,sprint-5,active
1710,2023-12-16T00:27:00Z,sprint-5,active
1711,2023-12-16T00:27:31Z,sprint-5,vehicle_error
1712,2023-12-16T00:27:31Z,sprint-5,running
1713,2023-12-16T00:27:48Z,sprint-5,ready
1714,2023-12-16T00:28:00Z,sprint-5,active
1715,2023-12-16T00:28:07Z,sprint-5,not_ready
1716,2023-12-16T00:28:11Z,sprint-5,running
1717,2023-12-16T00:28:15Z,sprint-5,not_ready
1718,2023-12-16T00:29:00Z,sprint-5,active
1719,2023-12-16T00:29:45Z,sprint-5,running
1720,2023-12-16T00:30:00Z,sprint-5,active
1721,2023-12-16T00:30:00Z,sprint-5,not_ready
1722,2023-12-16T00:31:00Z,sprint-5,active
1723,2023-12-16T00:32:00Z,sprint-5,active
1724,2023-12-16T00:33:00Z,sprint-5,active
1725,2023-12-16T00:34:00Z,sprint-5,active
1726,2023-12-16T00:34:07Z,sprint-5,vehicle_error
1727,2023-12-16T00:34:12Z,sprint-5,running
1728,2023-12-16T00:34:28Z,sprint-5,not_ready
1729,2023-12-16T00:35:00Z,sprint-5,active
1730,2023-12-16T00:36:00Z,sprint-5,active
1731,2023-12-16T00:36:10Z,sprint-5,running
1732,2023-12-16T00:36:22Z,sprint-5,not_ready
1733,2023-12-16T00:37:00Z,sprint-5,active
1734,2023-12-16T00:37:00Z,sprint-5,running
1735,2023-12-16T00:37:16Z,sprint-5,not_ready
1736,2023-12-16T00:38:00Z,sprint-5,active
1737,2023-12-16T00:39:00Z,sprint-5,active
1738,2023-12-16T00:39:36Z,sprint-5,vehicle_error
1739,2023-12-16T00:39:36Z,sprint-5,not_ready
1740,2023-12-16T00:39:47Z,sprint-5,running
1741,2023-12-16T00:40:00Z,sprint-5,active
1742,2023-12-16T00:40:06Z,sprint-5,not_ready
1743,2023-12-16T00:40:07Z,sprint-5,vehicle_error
1744,2023-12-16T00:40:07Z,sprint-5,not_ready
1745,2023-12-16T00:41:00Z,sprint-5,active
1746,2023-12-16T00:41:57Z,sprint-5,vehicle_error
1747,2023-12-16T00:41:57Z,sprint-5,not_ready
1748,2023-12-16T00:41:58Z,sprint-5,vehicle_error
1749,2023-12-16T00:41:59Z,sprint-5,not_ready
1750,2023-12-16T00:41:59Z,sprint-5,vehicle_error
1751,2023-12-16T00:41:59Z,sprint-5,not_ready
1752,2023-12-16T00:42:00Z,sprint-5,active
1753,2023-12-16T00:42:02Z,sprint-5,vehicle_error
1754,2023-12-16T00:42:03Z,sprint-5,not_ready
1755,2023-12-16T00:42:03Z,sprint-5,vehicle_error
1756,2023-12-16T00:42:05Z,sprint-5,not_ready
1757,2023-12-16T00:42:24Z,sprint-5,running
1758,2023-12-16T00:42:40Z,sprint-5,not_ready
1759,2023-12-16T00:42:41Z,sprint-5,vehicle_error
1760,2023-12-16T00:42:41Z,sprint-5,not_ready
1761,2023-12-16T00:43:00Z,sprint-5,active
1762,2023-12-16T00:43:53Z,sprint-5,vehicle_error
1763,2023-12-16T00:43:53Z,sprint-5,not_ready
1764,2023-12-16T00:44:00Z,sprint-5,active
1765,2023-12-16T00:44:01Z,sprint-5,running
1766,2023-12-16T00:44:17Z,sprint-5,ready
1767,2023-12-16T00:44:18Z,sprint-5,vehicle_error
1768,2023-12-16T00:44:19Z,sprint-5,not_ready
1769,2023-12-16T00:44:22Z,sprint-5,vehicle_error
1770,2023-12-16T00:44:22Z,sprint-5,not_ready
1771,2023-12-16T00:44:25Z,sprint-5,vehicle_error
1772,2023-12-16T00:44:25Z,sprint-5,not_ready
1773,2023-12-16T00:45:00Z,sprint-5,active
1774,2023-12-16T00:45:35Z,sprint-5,running
1775,2023-12-16T00:45:52Z,sprint-5,ready
1776,2023-12-16T00:45:52Z,sprint-5,running
1777,2023-12-16T00:45:53Z,sprint-5,vehicle_error
1778,2023-12-16T00:45:53Z,sprint-5,not_ready
1779,2023-12-16T00:46:00Z,sprint-5,active
1780,2023-12-16T00:46:04Z,sprint-5,running
1781,2023-12-16T00:46:21Z,sprint-5,ready
1782,2023-12-16T00:46:27Z,sprint-5,running
1783,2023-12-16T00:46:27Z,sprint-5,not_ready
1784,2023-12-16T00:46:29Z,sprint-5,running
1785,2023-12-16T00:46:54Z,sprint-5,not_ready
1786,2023-12-16T00:47:00Z,sprint-5,active
1787,2023-12-16T00:47:07Z,sprint-5,vehicle_error
1788,2023-12-16T00:47:08Z,sprint-5,not_ready
1789,2023-12-16T00:48:00Z,sprint-5,active
1790,2023-12-16T00:48:28Z,sprint-5,vehicle_error
1791,2023-12-16T00:48:28Z,sprint-5,not_ready
1792,2023-12-16T00:48:53Z,sprint-5,running
1793,2023-12-16T00:49:00Z,sprint-5,active
1794,2023-12-16T00:49:08Z,sprint-5,vehicle_error
1795,2023-12-16T00:49:08Z,sprint-5,not_ready
1796,2023-12-16T00:49:08Z,sprint-5,vehicle_error
1797,2023-12-16T00:49:09Z,sprint-5,not_ready
1798,2023-12-16T00:49:21Z,sprint-5,vehicle_error
1799,2023-12-16T00:49:26Z,sprint-5,not_ready
1800,2023-12-16T00:50:00Z,sprint-5,active
1801,2023-12-16T00:51:00Z,sprint-5,active
1802,2023-12-16T00:51:40Z,sprint-5,vehicle_error
1803,2023-12-16T00:51:41Z,sprint-5,not_ready
1804,2023-12-16T00:51:57Z,sprint-5,vehicle_error
1805,2023-12-16T00:51:57Z,sprint-5,running
1806,2023-12-16T00:52:00Z,sprint-5,active
1807,2023-12-16T00:52:27Z,sprint-5,not_ready
1808,2023-12-16T00:52:28Z,sprint-5,vehicle_error
1809,2023-12-16T00:52:28Z,sprint-5,not_ready
1810,2023-12-16T00:52:47Z,sprint-5,running
1811,2023-12-16T00:53:00Z,sprint-5,active
1812,2023-12-16T00:53:13Z,sprint-5,not_ready
1813,2023-12-16T00:54:00Z,sprint-5,active
1814,2023-12-16T00:55:00Z,sprint-5,active
1815,2023-12-16T00:56:00Z,sprint-5,active
1816,2023-12-16T00:56:50Z,sprint-5,vehicle_error
1817,2023-12-16T00:56:50Z,sprint-5,not_ready
1818,2023-12-16T00:57:00Z,sprint-5,active
1819,2023-12-16T00:58:00Z,sprint-5,active
1820,2023-12-16T00:59:00Z,sprint-5,active
1821,2023-12-16T01:00:00Z,sprint-5,active
1822,2023-12-16T01:01:00Z,sprint-5,active
1823,2023-12-16T01:02:00Z,sprint-5,active
1824,2023-12-16T01:03:00Z,sprint-5,active
1825,2023-12-16T01:04:00Z,sprint-5,active
1826,2023-12-16T01:05:00Z,sprint-5,active
1827,2023-12-16T01:06:00Z,sprint-5,active
1828,2023-12-16T01:07:00Z,sprint-5,active
1829,2023-12-16T01:08:00Z,sprint-5,active
1830,2023-12-16T01:09:00Z,sprint-5,active
1831,2023-12-16T01:10:00Z,sprint-5,active
1832,2023-12-16T01:11:00Z,sprint-5,active
1833,2023-12-16T01:12:00Z,sprint-5,active
1834,2023-12-16T01:13:00Z,sprint-5,active
1835,2023-12-16T01:14:00Z,sprint-5,active
1836,2023-12-16T01:15:00Z,sprint-5,active
1837,2023-12-16T01:16:00Z,sprint-5,active
1838,2023-12-16T01:17:00Z,sprint-5,active
1839,2023-12-16T01:18:00Z,sprint-5,active
1840,2023-12-16T01:19:00Z,sprint-5,active
1841,2023-12-16T01:20:00Z,sprint-5,active
1842,2023-12-16T01:21:00Z,sprint-5,active
1843,2023-12-16T01:22:00Z,sprint-5,active
1844,2023-12-16T01:23:00Z,sprint-5,active
1845,2023-12-16T01:24:00Z,sprint-5,active
1846,2023-12-16T01:25:00Z,sprint-5,active
1847,2023-12-16T01:26:00Z,sprint-5,active
1848,2023-12-16T01:27:00Z,sprint-5,active
1849,2023-12-16T01:28:00Z,sprint-5,active
1850,2023-12-16T01:29:00Z,sprint-5,active
1851,2023-12-16T01:30:00Z,sprint-5,active
1852,2023-12-16T01:31:00Z,sprint-5,active
1853,2023-12-16T01:32:00Z,sprint-5,active
1854,2023-12-16T01:33:00Z,sprint-5,active
1855,2023-12-16T01:34:00Z,sprint-5,active
1856,2023-12-16T01:35:00Z,sprint-5,active
1857,2023-12-16T01:36:00Z,sprint-5,active
1858,2023-12-16T01:37:00Z,sprint-5,active
1859,2023-12-16T01:38:00Z,sprint-5,active
1860,2023-12-16T01:39:00Z,sprint-5,active
1861,2023-12-16T01:40:00Z,sprint-5,active
1862,2023-12-16T01:41:00Z,sprint-5,active
1863,2023-12-16T01:42:00Z,sprint-5,active
1864,2023-12-16T01:43:00Z,sprint-5,active
1865,2023-12-16T01:44:00Z,sprint-5,active
1866,2023-12-16T01:45:00Z,sprint-5,active
1867,2023-12-16T01:46:00Z,sprint-5,active
1868,2023-12-16T01:47:00Z,sprint-5,active
1869,2023-12-16T01:48:00Z,sprint-5,active
1870,2023-12-16T01:49:00Z,sprint-5,active
1871,2023-12-16T01:50:00Z,sprint-5,active
1872,2023-12-16T01:51:00Z,sprint-5,active
1873,2023-12-16T01:52:00Z,sprint-5,active
1874,2023-12-16T01:53:00Z,sprint-5,active
1875,2023-12-16T01:54:00Z,sprint-5,active
1876,2023-12-16T01:55:00Z,sprint-5,active
1877,2023-12-16T01:56:00Z,sprint-5,active
1878,2023-12-16T01:57:00Z,sprint-5,active
1879,2023-12-16T01:58:00Z,sprint-5,active
1880,2023-12-16T01:59:00Z,sprint-5,active
1881,2023-12-16T02:00:00Z,sprint-5,active
1882,2023-12-16T02:01:00Z,sprint-5,active
1883,2023-12-16T02:02:00Z,sprint-5,active
1884,2023-12-16T02:03:00Z,sprint-5,active
1885,2023-12-16T02:04:00Z,sprint-5,active
1886,2023-12-16T02:05:00Z,sprint-5,active
1887,2023-12-16T02:06:00Z,sprint-5,active
1888,2023-12-16T02:07:00Z,sprint-5,active
1889,2023-12-16T02:08:00Z,sprint-5,active
1890,2023-12-16T02:09:00Z,sprint-5,active
1891,2023-12-16T02:10:00Z,sprint-5,active
1892,2023-12-16T02:11:00Z,sprint-5,active
1893,2023-12-16T02:12:00Z,sprint-5,active
1894,2023-12-16T02:13:00Z,sprint-5,active
1895,2023-12-16T02:14:00Z,sprint-5,active
1896,2023-12-16T02:15:00Z,sprint-5,active
1897,2023-12-16T02:16:00Z,sprint-5,active
1898,2023-12-16T02:17:00Z,sprint-5,active
1899,2023-12-16T02:17:22Z,sprint-5,error
1900,2023-12-16T02:17:22Z,sprint-5,vehicle_error
1901,2023-12-16T02:17:22Z,sprint-5,not_ready
1902,2023-12-16T02:18:00Z,sprint-5,active
1903,2023-12-16T02:19:00Z,sprint-5,active
1904,2023-12-16T02:20:00Z,sprint-5,active
1905,2023-12-16T02:21:00Z,sprint-5,active
1906,2023-12-16T02:22:00Z,sprint-5,active
1907,2023-12-16T02:23:00Z,sprint-5,active
1908,2023-12-16T02:24:00Z,sprint-5,active
1909,2023-12-16T02:25:00Z,sprint-5,active
1910,2023-12-16T02:26:00Z,sprint-5,active
1911,2023-12-16T02:27:00Z,sprint-5,active
1912,2023-12-16T02:27:22Z,data_3,error
1913,2023-12-16T02:28:00Z,sprint-5,active
1914,2023-12-16T02:29:00Z,sprint-5,active
1915,2023-12-16T02:30:00Z,sprint-5,active
1916,2023-12-16T02:31:00Z,sprint-5,active
1917,2023-12-16T02:32:00Z,sprint-5,active
1918,2023-12-16T02:33:00Z,sprint-5,active
1919,2023-12-16T02:34:00Z,sprint-5,active
1920,2023-12-16T02:35:00Z,sprint-5,active
1921,2023-12-16T02:36:00Z,sprint-5,active
1922,2023-12-16T02:37:00Z,sprint-5,active
1923,2023-12-16T02:38:00Z,sprint-5,active
1924,2023-12-16T02:39:00Z,sprint-5,active
1925,2023-12-16T02:40:00Z,sprint-5,active
1926,2023-12-16T02:41:00Z,sprint-5,active
1927,2023-12-16T02:42:00Z,sprint-5,active
1928,2023-12-16T02:43:00Z,sprint-5,active
1929,2023-12-16T02:44:00Z,sprint-5,active
1930,2023-12-16T02:45:00Z,sprint-5,active
1931,2023-12-16T02:46:00Z,sprint-5,active
1932,2023-12-16T02:47:00Z,sprint-5,active
1933,2023-12-16T02:48:00Z,sprint-5,active
1934,2023-12-16T02:49:00Z,sprint-5,active
1935,2023-12-16T02:50:00Z,sprint-5,active
1936,2023-12-16T02:51:00Z,sprint-5,active
1937,2023-12-16T02:52:00Z,sprint-5,idle
1938,2023-12-16T02:58:00Z,sprint-5,offline